name,z,t0,x0,x1,c,t0_err,x0_err,x1_err,c_err,peakmag_ztfg,peakmag_ztfi,peakmag_ztfr,mag_err
ZTF17aadlxmv,0.06196029,58878.26734732891,0.0009998772837668,0.4162656973447143,0.109711537334705,0.0670636227514478,7.425448514126389e-06,0.0662450984765637,0.0069940974866235,18.038547336714498,18.505412869157983,18.087172692826744,0.0080630677576576
ZTF18aabssme,0.04168029,58185.84489717573,0.0025421423330323,-2.395639657333358,0.0366475843388857,0.8059847260265087,0.0002644077789955,0.6185739346494659,0.0825350653636579,17.08106313816466,17.62206388153632,17.18084802137084,0.1129272325726597
ZTF18aagrcir,0.07805389,58204.60016880684,0.0009153599192649,-0.9040884446286128,-0.0789632765482243,0.0674169744052051,3.214737433879104e-06,0.0530616268246317,0.0046523148490345,18.23413913319979,19.00377645321876,18.461862919309034,0.0038130977195903
ZTF18aagrebu,0.05492675,58181.59033029754,0.0012675854442381,-1.5261160284232964,0.0722285997385057,6.471782398875803e-07,3.3235112764334555e-05,0.0477676558492793,0.0207690440676574,17.813684528312315,18.30946894981753,17.88404377327526,0.0284671659504147
ZTF18aagrgao,0.1139726,58179.744610386646,0.0005373784379056,0.3430316436960435,-0.1775619092547361,1.165099092759192e-07,4.105947489882e-05,0.405660922941633,0.0495230009040012,18.848591500966727,19.81322992065372,19.184969597594367,0.0829578473966124
ZTF18aagstdc,0.03983161,58213.62352051505,0.0027593517806112,2.413336183101447,0.2246158225146314,0.0124748095004179,1.0090261627792828e-05,0.0278477593564126,0.0029128450304866,16.854160604718256,17.164191593865862,16.816168928525016,0.0039702666552901
ZTF18aaguhgb,0.1242879,58215.23762909878,0.0003831576711378,0.7079299638957702,-0.0054157731861141,0.0519801045411441,3.0132535144893857e-06,0.0606390873576523,0.006485424314517,19.13295694689945,19.80414371485812,19.29886224267105,0.0085385173813185
ZTF18aahatvc,0.07784651,58986.47225488834,0.0009045966519791,0.8526114083335293,0.0525934896312318,0.0497846709477016,5.366460298388694e-06,0.0662370299674487,0.0059704615601928,18.17117183477884,18.74462939654375,18.280573193961278,0.0064410588129081
ZTF18aahoymn,0.10304039,58216.61844722389,0.0005016359963913,0.699556382649498,-0.0257845626217641,0.3356725667435967,3.326259321173406e-05,0.3568380377184839,0.0576062175973354,18.85015789736925,19.556529103281925,19.03636321862645,0.0719932420598184
ZTF18aakdyym,0.1174163,58235.19648868401,0.0004265254229746,1.2192695293896114,-0.015074424628195,0.0682168527200701,3.0428961905423536e-06,0.1225833367065088,0.0058757613971098,19.016372668485417,19.71376440539197,19.19666692884173,0.007745804548651
ZTF18aakiwbs,0.06584399,58948.009865301225,0.0007983204912256,-1.48991628198161,0.1168090623176991,0.0400013621510879,6.323311910325934e-06,0.0440632253413465,0.0061224432923912,18.29388497081628,18.713421968077,18.31971481999017,0.0085998652802694
ZTF18aakpigz,0.06651145,58828.44296688286,0.0008346749721234,-0.6796897621745615,0.1616132712142558,0.5107772427327291,2.734642514347233e-05,0.1276151868268702,0.0202014157891201,18.21774470395809,18.57514290070764,18.205368837202304,0.0355719349933799
ZTF18aaksugk,0.06078121,58183.02678492352,0.0017841232108166,-1.0912786679579771,-0.1271965034894973,0.4250020615181711,0.0002517154914502,0.6359039963998954,0.0712695043765785,17.532995072682382,18.38342603070081,17.80852111138101,0.1531825945142872
ZTF18aamlhee,0.04300356,58185.23382515291,0.0013009731131852,-1.9732132749567888,0.2470019992006348,2.471389962011017e-05,2.309230191985992e-05,0.0661566436687782,0.0136676679191085,17.702800293813866,17.88981326520846,17.594463100992787,0.0192718419708244
ZTF18aangpk,0.06994977,58981.83524657255,0.0007383933859043,-2.259651695109569,0.0543810896162773,0.0440330807541613,4.935543657670102e-06,0.0532233052873044,0.0069117005862528,18.41398706089619,18.92686734025116,18.4968129033777,0.0072572405733749
ZTF18aanygjk,0.06838664,58653.02169028548,0.0012573067531212,0.8811510683072349,0.050024827438941,0.0359541536599863,6.669488243851273e-06,0.0547253777432242,0.0050731059239905,17.81468077252815,18.393107149582058,17.926908225589354,0.0057593780003022
ZTF18aaqkjuw,0.09661,58431.88275791804,0.000389925098328,0.4249902649462579,0.1119898453131291,0.1059674295938748,2.215194909905602e-06,0.1378281438593197,0.0070913935658234,19.059773678050245,19.522875253244624,19.10621544384011,0.006168152100476
ZTF18aaqkqxi,0.07605,58249.20212034529,0.0008548128213762,0.1592328570793062,-0.015552530177542,0.1115054628353391,5.220926440277461e-06,0.1069206834553936,0.0075569966421896,18.27104088653638,18.9498085897857,18.44255299581408,0.0066313334531669
ZTF18aarohda,0.10473906,58259.39879321232,0.0004826486799469,1.6320309838640563,-0.0007826678888381,0.0717352316496544,5.992291172434652e-06,0.1116499145710733,0.0104005825498724,18.870945428652377,19.55140944317373,19.041387919340384,0.013479882460425
ZTF18aaslh,0.07449635,58263.68320304881,0.0013084569879282,0.2116074193375476,-0.0909361897901787,5.911937478231266e-06,2.404131318732551e-06,0.0149299425262251,0.0015869887801635,17.843705199745084,18.654560444943,18.091478277012374,0.0019949088413474
ZTF18aawdpnm,0.04408,58272.66751362175,0.0019796925145664,-0.4218177465944963,0.0977089796350162,0.0670470728146028,8.475939440395995e-06,0.0611081154815706,0.0039886247026092,17.309379619549183,17.781552921857713,17.362858394150532,0.0046485170055767
ZTF18aawtveo,0.16855467,58274.64061339657,0.0001913367999951,0.5057042190466774,0.0082819668648586,0.1198592315304267,1.4858700929077876e-06,0.1227804561526919,0.0074079396019619,19.88211471346,20.525858303547885,20.032582296823453,0.0084315351541258
ZTF18aaxcfb,0.06817,58277.90997845213,0.0009897816786266,0.0578967865970102,0.0367770283705374,0.0759393345106218,4.017213655251386e-06,0.1400465532191393,0.0049811495549563,18.08775657041877,18.673985404232145,18.20602253749029,0.0044066630065398
ZTF18aaxsioa,0.0340486,58286.18255858008,0.0029991497370783,-1.7292828907826516,0.0905590541543235,0.0052779083853238,2.8057052324740437e-06,0.0067263717854894,0.0008753912296114,16.87121873173657,17.33155979016694,16.921558809843567,0.001015706456105
ZTF18aaytovs,0.0746,58294.68024990684,0.0007785266420833,1.9761503018647504,0.1288499482822832,0.0259119239781284,2.950865989031624e-06,0.0436650028672655,0.0036257153575943,18.28407726514209,18.748005873120825,18.331284585219244,0.0041152888886469
ZTF18aaznkid,0.03418933,58288.15180811808,0.0027316521028847,-1.9159999309908824,0.1276073915983611,0.1356603044041548,4.266119288622659e-05,0.1713605328987557,0.0274649400545804,16.95599423370161,17.348962585414732,16.967609035221013,0.0169563326185757
ZTF18aazxdyy,0.04456254,58203.38309116506,0.0015975032305396,-2.4320547896054707,0.2022830924307264,0.2604514804479549,1.8367497963000907e-05,0.2253464306193097,0.0125328078784994,17.50538369972165,17.760285711349376,17.437872062062983,0.0124833910492403
ZTF18abakunn,0.05667397,58828.64857046914,0.0007632028679419,-0.0207489143250006,0.2864317457812018,0.0003091199032496,1.845292137297584e-05,0.1712095800422707,0.0160158660739858,18.24728005897436,18.403189544016943,18.11725898200677,0.026251217939237
ZTF18abauprj,0.02417,58302.370080794026,0.0101349994625772,1.30297544898352,0.0166069912284997,0.0040058598533505,6.671681282484583e-06,0.00583154604606,0.0005960888612406,15.560699119623786,16.204789273094086,15.710306954154438,0.0007147199111107
ZTF18abbvsiv,0.05232428,58296.92961398969,0.0013852360267782,-1.7658077916992108,0.0550998428696346,0.0164166021386336,4.478597415484489e-06,0.0283434034699565,0.0029156845863077,17.727184952449527,18.24810905300845,17.812993719090066,0.0035102865262873
ZTF18abcrtnq,0.10161,58302.41056135478,0.0005903712613615,0.5524010499477412,-0.0886427506465763,0.3268202856343123,8.783137168689337e-06,0.3867983985740248,0.0156894240152023,18.704021009849328,19.517044415195134,18.95210365564828,0.0161528357484919
ZTF18abcrxoj,0.03087,58306.10882944407,0.0040636290341648,-1.6080672361485802,0.0732312410402057,0.0089728692109929,4.606846949925231e-06,0.0124620368899246,0.0013322062349929,16.548930491862393,17.041456575262398,16.617652547990275,0.0012308752795249
ZTF18abcvush,0.05525315,58303.12242301321,0.0007740416693697,-1.5133857747933424,0.2559048507451151,0.1348131859776913,1.0879552835414103e-05,0.1476297345430875,0.0143016395817244,18.258786413204227,18.439199369551204,18.145547018010763,0.015260579465451
ZTF18abdbuty,0.06656263,58307.99344917161,0.0009663086234637,-0.7122514213502511,0.0671120199147676,0.0251670369980274,2.549633010340673e-06,0.0344537376539938,0.0030525540570412,18.105019734815905,18.624653361927027,18.18680492006026,0.0028647461079778
ZTF18abddmrf,0.16302963,58308.25109638372,0.0002080244252504,2.82367742217776,0.0592625119905105,0.1637577721339767,2.1010670545339143e-06,0.2021134231271708,0.0095336255752473,19.735096619113012,20.337162512586403,19.86686881391974,0.0109660419298617
ZTF18abdfwur,0.07973917,58310.356763296215,0.0006281165182227,-0.6357115860446313,0.0490702829976355,0.0316702124946459,1.945323774410722e-06,0.0427439394962212,0.0034505801139348,18.580815899978457,19.133055455443184,18.68129576418213,0.00336260612574
ZTF18abdiwp,0.06769886,58314.30200988453,0.0011995298181113,0.9014129011740653,0.081926570015576,0.0419670591254544,8.759651060495118e-06,0.0548541313755616,0.0057259094879979,17.850108202562623,18.373842889560255,17.930852265372785,0.0079286651768288
ZTF18abfwuwn,0.1029485,58324.443055431904,0.0004706601429544,0.5109991241687702,-0.0158830562289618,0.0507015717666945,2.610187054073305e-06,0.062923762433791,0.0053823837812635,18.916276967760144,19.60202000295792,19.09096898947723,0.0060212759211117
ZTF18abglpdy,0.13665,58320.45335171575,0.0002176050646995,-0.5534398232384737,0.0386149846973126,0.1197971102956216,3.117582233621478e-06,0.1705420555016402,0.0136810358605578,19.736147648914145,20.30799498865779,19.84775841006718,0.0155551154428674
ZTF18abgxvra,0.10286515,58328.93616119711,0.0005239838659866,0.8362943423994746,-0.0181279407670579,0.047149691843515,2.2084241683104184e-06,0.0544498361004895,0.0047571617614156,18.79800110586459,19.49359493515734,18.97775183191154,0.0045760303525424
ZTF18abhgrff,0.09293368,58891.22519788861,0.000421230623909,-1.594687567090332,0.1109968987045535,0.0738256104123138,4.216675202545741e-06,0.1094831146327116,0.0092342295519843,18.99158717783145,19.419189580161344,19.02242567282972,0.0108686231989107
ZTF18abhpgje,0.13501953,58336.610903346336,0.0003494102291877,2.5162891437481902,-0.0154193379840527,0.1283414379395253,3.0203468877699687e-06,0.1315437782301907,0.0068649593678585,19.215094417991693,19.938831564393197,19.413493678018693,0.0093852431699091
ZTF18abhxidv,0.06743792,58325.75731243468,0.0008621770125164,-0.1368557467332107,0.0923348264342196,0.0584267232661659,5.8542379919124e-06,0.0685507646226832,0.0064686945774099,18.21233054519943,18.6990077587394,18.273503031575096,0.0073722194477651
ZTF18abifioh,0.1033076,58907.919165478415,0.000418578694574,-0.9505751469426696,-0.0308159984785184,0.3127456300389895,1.1099771921608876e-05,0.4123249844544921,0.0276691055803372,19.0615780334566,19.746554441889387,19.24019529832461,0.0287912987356257
ZTF18abilofa,0.07494857,58329.29692073142,0.0006646348014243,0.9166775325127,0.1457179252906566,0.4444894686348561,1.7847710614578235e-05,0.1236719813286364,0.0148464237271203,18.459750354508,18.87396236377128,18.47752397644073,0.0291557191178737
ZTF18abixrei,0.1133161,58549.91921734297,0.0003896129362971,-0.4589370668235618,-0.0163431551552217,0.0853358796011889,4.153771080315895e-06,0.116357859044791,0.010713251532034,19.129137585330223,19.79800011702794,19.296735232858605,0.0115753334348643
ZTF18abjijwk,0.08836269,58911.95067518815,0.0007188785341275,0.6124202190339939,-0.0383899891895129,0.0007145945855882,5.167615916469672e-06,0.0890736718186619,0.0099736061364572,18.46618544076517,19.1928568760663,18.664277088212483,0.0078047506309317
ZTF18abjvz,0.05031,58331.69087547395,0.0011751180467221,-1.6297051777297684,0.1706569373616415,0.1232451337818929,1.3823085682253696e-05,0.1127006087956089,0.0099143790549009,17.84876454388634,18.173057266406044,17.819523346584468,0.0127716739850607
ZTF18abjwahi,0.09012356,58334.600730058606,0.0003420139335223,1.0789229866343586,0.2573852379152148,0.2344662248942768,4.668996709482524e-06,0.2408248439184999,0.0141491913638952,19.123517390440547,19.349580604463466,19.03329394082875,0.0148219071520667
ZTF18ablsztl,0.12671678,58349.3409427278,0.0003384789980314,1.2688627483758887,-0.0273597695828486,0.1380837526048708,4.397581109239595e-06,0.14214403725685,0.0119878248153578,19.27274910032806,19.992372754913784,19.465776660215248,0.0141060835426437
ZTF18abmwpyl,0.12729093,58351.310942934506,0.000246555815892,0.9964639194014296,0.1694620321311937,0.0948866491780791,2.347215984554861e-06,0.1110386699970937,0.009129252933655,19.523867740871165,19.898818332385744,19.51905878990304,0.0103362290019312
ZTF18abmxfrc,0.06518854,58358.85218833921,0.000882735136823,0.8357812070756672,0.1537231052254976,0.033370299533999,4.0989387059968375e-06,0.0494781585799987,0.0034606253271557,18.1484482850714,18.54738741179554,18.15749188465893,0.0050415645288599
ZTF18abmxmsv,0.0983371,58350.12785068905,0.0004361476846952,0.7346942529541624,0.088392792851708,0.0579334844624099,2.302606544830289e-06,0.0544717257124373,0.0040775952930701,18.946948344236272,19.45642926553062,19.019669271681146,0.0057320567751774
ZTF18abnzlnk,0.070794,58333.85763575773,0.0008295888790994,-0.1345425746417887,0.0585804761211203,0.0544991712704359,4.904372310206159e-06,0.0418246964709773,0.0052992356453762,18.270462358937262,18.815465368214703,18.36536656139096,0.006418666779362
ZTF18abolvoh,0.04909107,58353.84743901312,0.0016863996757442,0.963490825313492,0.1284083384070895,0.0184387314875493,5.272091255751416e-06,0.0291273837960798,0.0024289392665279,17.456891173293947,17.901738949702636,17.492242053990395,0.0033942726825014
ZTF18aboztku,0.08024,58361.701137948,0.0005359908323427,-1.0185975044394984,0.141144601961318,0.3074805155847571,1.302280487192153e-05,0.4906633076895274,0.0276168932627197,18.71119282868715,19.09755187397957,18.71643649338001,0.0263797995856472
ZTF18abrwudp,0.13,58368.74489346279,0.0002690617456464,-0.0543098120153432,-0.004708136535839,0.3244939906289801,8.015893579757667e-06,0.4810997912025045,0.0270943771591265,19.52259848759276,20.178659831666184,19.681556334703263,0.0323462774394823
ZTF18abryewg,0.07695464,58375.07707416572,0.0008888599610867,1.2285255636068433,0.0454860849726526,0.0260090384399518,1.4405187570355758e-06,0.0351804589525419,0.0018192070558077,18.1900280903604,18.78278691477522,18.31019752229059,0.0017595835526605
ZTF18abrzeuq,0.078,58194.60276757153,0.0006737992690552,-0.0312942719984185,0.0876171923088611,1.7327067368241842,6.904424451961446e-05,0.5364628046114865,0.072038563060447,18.481466982119564,18.97821752001636,18.54821930473433,0.1112554427525998
ZTF18abrzrnb,0.11847657,58373.82333554139,0.0003376430138147,0.6231907191133328,-0.0070243353336238,0.2869221286164247,4.260828303102298e-06,0.3438340222877564,0.0123420240106221,19.2717535258601,19.94417752686995,19.43853047276517,0.0137012624625931
ZTF18absdxpk,0.08065656,58378.22304904242,0.0008190917479874,0.781736609036853,-0.0141558979863891,0.1954905702987162,1.2525610940922074e-05,0.2252330703134422,0.0145762962736935,18.311569173651403,18.99926852690185,18.48686220323366,0.0166031574835027
ZTF18abssuxz,0.06493,58377.1475594318,0.0009776426337047,-1.826515840061846,0.023959374295351,0.1627969159926579,1.0747245705957678e-05,0.2375614967522676,0.0098122488333684,18.12078124319034,18.69448308655198,18.23761862524814,0.0119355205696905
ZTF18abtmbaz,0.07088994,58380.54255992319,0.0007923941753541,-0.2552888243883647,0.0628537907186801,0.0657173929939745,2.7935488617629142e-06,0.0795737837121754,0.0038896553188647,18.31912502962756,18.854530694593137,18.408786008091088,0.0038277125618965
ZTF18abtyrqh,0.0800048,58336.55824067962,0.00068740137519,1.3178994913974509,0.0827062010898453,0.0688552539468219,5.3664226927881495e-06,0.0642733953920457,0.0066800481693586,18.450094663024192,18.980322199259977,18.53434069944682,0.0084761532605097
ZTF18abulemm,0.13262626,58381.444610566,0.0002492373456583,1.633884223417723,0.0619743788264032,0.4042949158174451,6.965858744444178e-06,0.4924414684626321,0.0274504752045421,19.55816754459908,20.130251097306328,19.66650212905887,0.0303449108563471
ZTF18abupgps,0.09935,58443.50188260292,0.0004621580709906,0.7737219124773218,0.0886017886455191,0.5175732204806991,2.730074483548373e-05,0.6797057044867824,0.0462260778853079,18.883599065249506,19.393443710603325,18.956483589123835,0.064136945658463
ZTF18abuqugw,0.03133,58383.85644836243,0.0053600159103215,-2.6956052134578345,-0.1352516681882126,0.0108425464859465,8.325756052364489e-06,0.0138499293611276,0.0015521110713051,16.35277214461749,17.187373848625477,16.626175564449348,0.0016864828256627
ZTF18abvejbm,0.04416,58385.46523484633,0.0022250476636865,-2.393586957255569,-0.0461163056721722,0.0373615521748433,1.503161274641219e-05,0.0401013628412509,0.0079550835308736,17.264547052923092,17.949283473771644,17.448574159397253,0.007334838907515
ZTF18abvtltw,0.07549689,58372.0521618364,0.0007642737476902,1.0989014537253794,0.1225228367489713,0.071710460637405,3.4000073498503524e-06,0.1224356270065034,0.0047365758763125,18.31773309634435,18.775253455460703,18.36030146325996,0.004830090118014
ZTF18abvuceu,0.099,58341.94318774799,0.0005485419915185,1.609035247306448,0.0611229426177726,0.1889614612082368,9.430018579292172e-06,0.2381511111830484,0.0175844334497818,18.70238272238844,19.275451370019063,18.811261086002556,0.0186649568153121
ZTF18abwbaim,0.10762,58391.00376450372,0.0003725494164238,2.701555529930061,0.1424068961156759,0.5406136603123741,1.4322677050134989e-05,0.7352096867530815,0.1079519406240138,19.06376381091102,19.52068647395303,19.111797530232884,0.0417411713368417
ZTF18abwwuug,0.06916701,58390.00482304413,0.0009560624422496,-1.1644238456213307,0.0082952151792847,0.0990610317167011,8.678326303622959e-06,0.105159522678343,0.0103421015090007,18.14787877996509,18.76102565474955,18.285417781361414,0.0098553950538806
ZTF18abxhsyn,0.03757,59121.76555956832,0.0033585390169038,0.0129032363685416,0.0162990348699415,0.0522973866827669,3.412735324111105e-05,0.0688555659210565,0.0089336903101303,16.771359820009284,17.39222594349196,16.909770340934035,0.0110325658865213
ZTF18acahuph,0.04953081,58419.67247968186,0.0012715160800547,-0.9461712393478912,0.1738373546677369,6.170012056827545e-09,9.0199997345095e-06,0.0782186148028207,0.0063226747304216,17.75667155721227,18.088173343779207,17.729895785199393,0.0077020970731599
ZTF18acaqbvs,0.05744034,58414.73898475503,0.0017859235780713,-0.2931456007422418,-0.0099273464987455,0.2949735782494826,5.026358817039135e-05,0.1866274855315443,0.0159449469477647,17.47182501980569,18.13258370430043,17.63420386917018,0.0305572971473851
ZTF18acatuts,0.04087291,58408.65211777532,0.002896586326724,-0.2662517772215625,0.0660921491938792,0.0333809745243343,4.542654587501286e-05,0.0891757320545417,0.0090395108994834,16.910284463457874,17.43989347232717,16.99661838105083,0.0170273694447033
ZTF18acbufud,0.08421,58418.95819756962,0.0003732620111411,-1.04818954484013,0.2033405006154429,1.4273684998770475,3.365687929143528e-05,0.4372768136648046,0.0422820845210463,19.073566214982502,19.352573412584576,19.01656274326928,0.0979003790773266
ZTF18acbxjaa,0.07243196,58345.6931930422,0.0009361146840757,-0.1165620861950025,0.000214798649157,0.0741446486354107,6.619670500090806e-06,0.122475713467543,0.0076487056069712,18.167043420026864,18.813429955067328,18.32057633195812,0.007677708776264
ZTF18acbxrr,0.07544155,58420.355243473816,0.0008312590972984,-0.433935348610596,-0.0057679450784651,0.0001240017008967,1.44303453697252e-05,0.2887637498928391,0.0154193609204901,18.301205833072423,18.95216937926971,18.458341153014576,0.0188479722700092
ZTF18acbxsap,0.07497059,58430.91710033204,0.0009650791049704,1.916801222420006,0.0524733694142069,0.1232776677170477,4.895084026046784e-06,0.1485455702324159,0.0051617568472399,18.089280948240933,18.68332657608073,18.210669481465423,0.0055070821915423
ZTF18accvyao,0.1680615,58438.38365130005,0.0001737342089976,1.489084501934923,-0.0145480169176665,0.4230471845949068,4.060620982858168e-06,0.5401028030637861,0.0209800947744805,19.98848832494112,20.69006049785448,20.171016871259518,0.0253764830791035
ZTF18acepwhb,0.068,58445.16164152007,0.0012499558656946,0.4631779869839647,-0.0151715703737396,0.0747103654248348,1.31091171322281e-05,0.0902004518457605,0.0087114699661845,17.855867896113608,18.53950490116647,18.029449779987434,0.011386836506396
ZTF18achaqmd,0.022,58451.20920315825,0.0128256343623804,0.6901763280503551,-0.0466094611589518,0.1110919229286082,8.081405837912645e-05,0.0317133983582327,0.0035698386993802,15.340832347147318,16.083205681113977,15.547819292700211,0.0068412014997884
ZTF18achyqcq,0.05247256,58445.68593988353,0.0020782820580332,0.3015124878885643,-0.029988796611244,0.0314745128525828,7.696590057840811e-06,0.0472127221963723,0.003470503529207,17.312151379002998,18.018572528348656,17.49928033996779,0.0040208529187261
ZTF18acnbeuu,0.10243,58448.94568122796,0.0005217262089246,1.092387555715584,-0.0178733027022043,0.0562709302539587,4.022210801806834e-06,0.081364312092464,0.0065561004072533,18.80018946445789,19.50007610679068,18.982052492903176,0.0083704054271909
ZTF18acnnxor,0.07874,58444.19229468362,0.0007070104997484,-0.8496113999869512,0.0079283748793487,0.1510432861759909,1.095381334369312e-05,0.1607682530259151,0.0197102848564326,18.47349045123721,19.093046138962244,18.61372642577596,0.0168214640824163
ZTF18acpdxb,0.02313283,58265.418050783526,0.0068224803927254,0.0963716198775169,0.1487287467549967,0.038005829694157,5.310014183971929e-05,0.0487458919585706,0.0054616094825044,15.937048610784435,16.330894992580916,15.9441049496667,0.0084504085251235
ZTF18acqpobb,0.0313654,58442.98583210156,0.0052756480715782,1.2887427779503866,0.0675881465456419,1.7786125681595877e-05,6.831823084260285e-05,0.0511961666344055,0.008881067854165,16.245096954649092,16.80083835068574,16.34398925046422,0.014059993324886
ZTF18acrewzd,0.165,58451.27668781304,0.000149483611776,1.1954559793000985,0.0821746271484196,0.5347831699327799,8.39803391334634e-06,0.6818232103990939,0.0464874882102308,20.108158852981152,20.636980554464387,20.19162944719055,0.0609969839514485
ZTF18acrfklz,0.10730938,58459.34979797931,0.0004898286427202,0.7419227046508414,-0.0016806142493946,0.7757518188773247,4.734157799101487e-05,0.6615137432116014,0.0769074563643699,18.864215203178635,19.52955065785036,19.02668859886177,0.1049356055002617
ZTF18acrnfww,0.0647,58465.889147401074,0.0014629029096786,0.5272825820903151,-0.0081342963380913,0.0581359770003473,5.483475688910107e-06,0.0484153879489721,0.0040285793269328,17.68119771601551,18.353794764833985,17.848268672899447,0.0040697219507674
ZTF18acxijqw,0.08175167,58476.28983466378,0.0006277540710301,0.7827327445262797,0.1536487679948088,0.2534998517658096,1.334301564688712e-05,0.3265097556264742,0.0186455857958358,18.51908655727424,18.917159753489564,18.52766929781027,0.0230775009466771
ZTF18adazbol,0.10335045,58486.73883279011,0.0005377887993739,-0.8180177711219443,-0.0244179084217193,0.1411152867876808,7.562314816544633e-06,0.0824818879175461,0.0155863682179457,18.785559698969184,19.46183980359107,18.958666396865027,0.0152674786043507
ZTF18adazeua,0.09036711,58487.62056241426,0.0003978410187808,-0.3402167916679179,0.1459923574606838,0.255544069721509,9.355176776803408e-06,0.4331028811001485,0.0264327156954632,19.027392486814637,19.4179172759328,19.03341557999351,0.0255309373568703
ZTF19aablyrb,0.0675,58387.115882934224,0.0008748923746765,-0.5889823456521677,0.0624050071312411,0.2322983693520655,2.1507069020335897e-05,0.2240935232831389,0.0268176756029311,18.21428718168332,18.74433180375736,18.301756588595588,0.0266901440331365
ZTF19aabyuze,0.04207863,58507.5572588937,0.0033150132879107,1.2565708067819457,0.0353848612372995,0.0163373083451006,9.22177873884787e-06,0.0195538726092489,0.0026862442306591,16.765488258990658,17.37623003349512,16.89597010503598,0.0030203254646216
ZTF19aadnmgf,0.08038965,58517.46807005249,0.0009130911260561,0.1440614220699753,0.0452942588494412,0.067053773720545,9.3070958998975e-06,0.1172645063785885,0.0080029554487448,18.170558569622877,18.74362621636533,18.28101191872195,0.0110668592556808
ZTF19aadnxa,0.03208391,58523.79481952686,0.0023816362661842,-0.1174168940433276,0.2989403737989899,4.7219436964951456e-06,1.66873730885673e-05,0.032912932496096,0.0052723965389471,17.006101456861238,17.13889875484143,16.862868859771662,0.0076074106620788
ZTF19aagflbn,0.12552823,58521.91195121954,0.00038123562973,1.683888571274096,-0.0240576449392849,0.7060553825285751,1.026935090514467e-05,0.5902820281679899,0.0310525792483478,19.1375536241263,19.859314798937493,19.331703610449427,0.0292464953629231
ZTF19aagkfvq,0.05561951,58983.31587267404,0.0007538715187456,-2.0589407761454503,0.2937421411718021,0.150994369527325,1.5694340686204168e-05,0.271217588774918,0.0187213159793351,18.2722774290804,18.377865776811365,18.116686732200527,0.0226032068716058
ZTF19aailteb,0.07792153,58531.52098334227,0.0006592306991622,0.3836646631133829,0.0905098760646388,3.483281034277752e-06,9.342513250003609e-06,0.1305321886721153,0.0113753338704156,18.500454392696213,18.99981726195096,18.567871863551883,0.0153868818485733
ZTF19aailvgo,0.07773518,58534.48041563996,0.0008761862117468,-0.3535111078515218,0.0038997954442801,0.1562229313822172,2.691660383331913e-05,0.2566731365588949,0.0207673384919533,18.23889053211667,18.874555650605547,18.38690745996218,0.0333540186996324
ZTF19aajwhbc,0.10218763,58537.51728400758,0.0004634776669943,0.2005270678239634,-0.0222761884357979,0.1344511509123549,4.222448803888832e-06,0.096469902427886,0.0088578113612515,18.93849990541125,19.629691160682007,19.11708661560278,0.0098914486405573
ZTF19aakkuqb,0.036636,58536.98909336891,0.002478685405642,-2.3516981891244506,0.0753594144086197,0.2624690444754378,3.007969119048981e-05,0.1800009575431503,0.0127408816239913,17.08974366038278,17.564614712433453,17.150647812977876,0.0131757784505933
ZTF19aaknvlv,0.07768398,58548.85975284872,0.0008137015420655,-0.8450198339915527,0.0332011902621583,0.2802128064031421,2.2681522066609512e-05,0.2927899045082944,0.0305943908735826,18.308848499016214,18.884695904169316,18.423670288378617,0.0302643517477235
ZTF19aaktpns,0.06934494,58549.46276740317,0.0008985846850193,-1.5777944877706205,0.0003815196320289,0.1434457465766172,1.5128139925630202e-05,0.1375570331829233,0.0144713661098045,18.22178404676581,18.841013157179034,18.36430840716608,0.0182789329728553
ZTF19aalaxsa,0.1163337,58549.86678022763,0.0004251328819158,-0.0202300372590217,-0.0235853696059942,0.1461696599108108,8.954964592189171e-06,0.2042582650080414,0.0308268288061835,19.03457819943488,19.72402766982653,19.21276558726592,0.0228698594807595
ZTF19aalcyfd,0.03965852,58553.34423158936,0.0036822923388882,-0.3000845997573033,-0.0593695123486678,0.0295448670403857,2.235471444619744e-05,0.0362752270166674,0.0049607832246171,16.709447997526976,17.4560206838917,16.92160561607267,0.0065913622785837
ZTF19aalva,0.02444167,58561.03995696916,0.0049856233521706,0.1956487698097423,0.2793136428099687,1.076841726899147e-09,1.8184864940375173e-05,0.0174017879545188,0.0024290978080132,16.211407829808117,16.383460008746752,16.09045342273882,0.0039601800717268
ZTF19aamdmcs,0.04095421,59028.971730829726,0.0023481090113849,-1.2403736209987226,0.1496208648099483,0.2746675781854719,4.086294828083056e-05,0.1241734261456016,0.0145825598627823,17.10473548312811,17.472421238436553,17.099704633219467,0.018894515615137
ZTF19aamfxby,0.07672929,58568.04849557062,0.0008669419219145,1.206544345438535,0.08804257915609,0.0620453661176725,5.127392643152272e-06,0.062149296509627,0.0060061593105304,18.19669293110621,18.71561007916523,18.274473321669163,0.0064214172690911
ZTF19aamtwwv,0.06859071,58571.76581260467,0.0008368690293722,-1.350107611605756,0.0198336589182544,0.0772484968365461,5.083382633192573e-06,0.0727365962768391,0.0063057414043251,18.2882745325329,18.877991251371117,18.4127934218502,0.0065950732716631
ZTF19aanboj,0.04642018,58573.369352015165,0.0015572733021805,-1.063341699319156,0.1316693625959031,0.0490081543866836,9.202395431817952e-06,0.0646634579875922,0.0066024011588466,17.55813342593048,17.959974448462045,17.572484981141155,0.0064159411689875
ZTF19aaneugz,0.05452646,58578.23850269725,0.0009359271367542,-1.1926133149048677,0.1991092571224617,0.1334522057004505,1.040649858828747e-05,0.1479522792623392,0.0152155274189193,18.07865357546275,18.36224612437517,18.02464228218716,0.0120722135712953
ZTF19aanfyey,0.08490184,58576.9232822231,0.0005735807167497,-0.99196896976532,0.061404927399007,0.2197729705585516,1.134202648591738e-05,0.2253482080440499,0.0211558047639256,18.67607958262096,19.20044048962229,18.761423678337295,0.021469426065904
ZTF19aanmdsr,0.11374385,58581.75120203435,0.0004712673767836,1.1170474394715086,0.0081865573606594,0.0557235960077378,1.8227229349984283e-06,0.0607398600442658,0.0042861802311632,18.897972091411763,19.553156486602937,19.0540991758039,0.0041993067614334
ZTF19aanxosu,0.07396572,58590.076932147706,0.000710065217216,1.2085709168462473,0.1294531238767399,0.0277101212486741,2.3434283255705237e-06,0.0396194230565382,0.0029903425115579,18.39308307275916,18.840762387010603,18.42997954870268,0.0035832553329443
ZTF19aaoaaap,0.1,58587.03527006364,0.0005555913709457,0.7115481130120228,0.0206398470278559,0.1163535625419172,6.056520770867795e-06,0.1571037076550033,0.0117922124469738,18.71705374979461,19.343165237941864,18.856975385269354,0.0118356479594126
ZTF19aapfktd,0.08574605,58595.46975911755,0.0007944264714541,1.1914667189813528,-0.039318997750814,0.1573921299241192,9.871914192599776e-06,0.1844724130513819,0.0132688622330932,18.352867916385136,19.09180607952169,18.55707833809588,0.0134918649293642
ZTF19aapgbri,0.194,58592.40361459562,9.2249876154792e-05,0.8285088754010643,0.1814915002935542,0.3072553737038106,3.179473939976212e-06,0.4617120660760949,0.0274912694167086,20.586888356901166,20.938035909504254,20.568469860287987,0.0374208629063598
ZTF19aaphmto,0.06565364,58589.90714172199,0.0008448287090417,-0.3735927973620058,0.1487097981308872,0.0443079451979429,5.717161170450979e-06,0.0710473371813119,0.0057745014271503,18.208662986755375,18.593899820689657,18.21170112296144,0.0073474407353379
ZTF19aaprzcr,0.06147726,58599.13285199734,0.00189885675889,0.6313535236788661,-0.0964961775252788,0.0643381375048193,1.0539976945580536e-05,0.0759605009552314,0.010086014742289,17.43859592317361,18.266739305701037,17.69521461506749,0.0060265917971726
ZTF19aapszzy,0.06259141,58596.82757352336,0.0011176380461756,-0.8874706480736306,0.0488993881331247,0.0382857446820708,5.355400299289516e-06,0.0429766192115686,0.0055017971889417,17.957061790813388,18.504964013279107,18.05577505061399,0.0052025358440575
ZTF19aaptarf,0.142,58592.82375048563,0.0002262426198354,0.344873086575529,-0.0072718205278625,0.1185099019057815,3.5665516450517377e-06,0.1843599115565622,0.012900238714168,19.708889675381528,20.37666667173316,19.87358564027417,0.0171158478008625
ZTF19aapwbvm,0.083424,58595.01052858508,0.0004935922929839,-1.8458352047381987,0.1312781060999885,0.1524336376423889,1.4576553045332233e-05,0.2075135110418358,0.0222640027835285,18.81136011070871,19.19932512392873,18.819843698440472,0.0320634896590866
ZTF19aaqhelq,0.05660539,58599.64826620052,0.0013104369534997,-0.9867428499151926,0.074197295186549,0.0672704918033559,7.777763279627908e-06,0.0817311127156458,0.0085087503074811,17.772836878287432,18.275189068699653,17.845374618667886,0.0064441094721705
ZTF19aaqyvdn,0.08,58601.32723551275,0.0008083913550557,-0.744992929663273,-0.0116193006048132,0.0806049358798191,4.464591450480363e-06,0.0836351817574299,0.0058629464990635,18.3364952047782,18.99189310347749,18.49721542090329,0.0059963142194978
ZTF19aarlefl,0.03712053,58606.97928819922,0.0035651406521209,0.3309060756704825,0.043286658488253,0.0183980694564525,1.1469843580819671e-05,0.0266651579986204,0.0024754413490198,16.691115989058932,17.271068670123842,16.805132604080548,0.0034930527723218
ZTF19aarprog,0.05417227,58611.70236471345,0.0017010557842454,0.6981316495510886,0.1111760328114448,0.0457194248083396,1.3481710218108843e-05,0.0500874094104497,0.0060699448617812,17.4584441676585,17.927988254843537,17.508221437064265,0.0086049975676436
ZTF19aaujzqh,0.04260319,58631.60436594153,0.0028420720796561,0.268123028530174,-0.0103996511038395,0.034609097874636,6.202367659746457e-06,0.0196411644118252,0.0014066269492997,16.96333506323829,17.63514145845499,17.130544589378477,0.0023694455786717
ZTF19aauvjws,0.09351201,58630.34924451925,0.0007567923531244,0.5482804926760807,-0.001990223565159,0.1317107786417182,6.757261712321445e-06,0.1406020382746363,0.0075216838380617,18.39370030845626,19.056026191283227,18.554801726946582,0.0096943417250501
ZTF19aavidqf,0.09341214,58642.10735554368,0.0005806621829662,0.7661975608395936,0.0805730707619131,0.0259620903379982,9.846169839672885e-07,0.0318427393823591,0.0019368517724373,18.63974093819112,19.16329214886373,18.72052263071054,0.0018410606694792
ZTF19aavqoop,0.07681397,58644.41972808112,0.0008661108073737,1.6622809748537155,0.0392952287997733,0.2703531644365284,1.291568452616686e-05,0.302903079846347,0.0120616552686554,18.21643606562892,18.82820302907414,18.347529171422494,0.0161907993525846
ZTF19aavqotz,0.07169185,58644.9168341779,0.0012015411299496,1.834975792607621,-0.0293728043143447,0.181329476297833,1.3377140294127013e-05,0.2074411250269726,0.0087890610938014,17.89187060573838,18.625736177365837,18.09312223077907,0.0120878471584829
ZTF19aavqoyu,0.09492228,58640.71872236573,0.0005906178630763,1.2980804511758772,-0.0066262572011136,0.3285850146239681,9.77111210351788e-06,0.496097192388887,0.012044253925526,18.65815646453822,19.34238139708556,18.830819970644225,0.0179622914150967
ZTF19aawhhkn,0.1161128,58643.65209651948,0.0002288278208144,-1.740783998701854,0.0917760472240899,0.0689641760363883,1.5474428222053895e-06,0.1067917483147883,0.0072330944326345,19.664434636332302,20.122460219665925,19.713460634812424,0.0073422658612132
ZTF19aawupxb,0.05541217,58649.51148836942,0.0010703876466737,-1.4948789112755767,0.1305966617979351,0.0930564841546583,2.315182190454705e-05,0.149590272697678,0.0162492847161386,17.968796700654423,18.36449346618035,17.98075916627659,0.0234838017105215
ZTF19aaxffum,0.05495348,58652.263138955386,0.0012779177872738,0.9293908422581506,0.1459169138056476,0.0374951154590235,7.478063702293288e-06,0.0534186589317104,0.004350921563144,17.74972926872034,18.16383876686417,17.767437370623462,0.0063534638800106
ZTF19aayckwk,0.089,58650.51716247374,0.0004765227808691,-0.8214790698476985,0.1087926184364506,0.2129217854926537,1.417922258209712e-05,0.2370514246517984,0.0271097717989407,18.85323288774235,19.29892373000896,18.892409686488453,0.0323067352302192
ZTF19aaynsyd,0.02742461,58643.087917922414,0.0044441709773743,-1.0259549788097,0.1793514800279513,6.422422302421182e-06,1.546540667345989e-05,0.0274627710570938,0.0045639916345858,16.39585826486027,16.71642422822613,16.362923243455384,0.0037782866663252
ZTF19aaypehm,0.11396259,58657.89176860905,0.0004031336763692,1.2730366142156484,0.0221124558946546,0.1443087477673543,4.52754758039884e-06,0.1586370790594582,0.0112323223091857,19.05929777934569,19.693299232878346,19.203128701556285,0.0121937774364992
ZTF19aaywyug,0.07417325,58650.53034615985,0.0009908205681753,0.0227127564898419,-0.0414637790409757,0.2100658476338139,2.1417278944455972e-05,0.1963052537750625,0.0188384200950029,18.12398547167167,18.845282859586764,18.32048395742761,0.0234689467541245
ZTF19aazzpje,0.09617646,58658.32533807687,0.000504965823736,-1.5223635235513675,-0.0354631333665659,0.1147598955212743,4.504900554062152e-06,0.1306241504161645,0.0094439236825785,18.86396884691032,19.546496726998924,19.043231214033792,0.0096860686416215
ZTF19abaeyln,0.0852425,58665.408433672834,0.00059367752916,1.3417197533172214,0.1533772508044143,0.144739527891943,7.798853861929876e-06,0.1526445625216063,0.0117154040522615,18.57420590056679,18.983339243247585,18.589017646741063,0.0142627901135074
ZTF19abcndvf,0.04871282,58674.1276138624,0.001133285173972,-1.3204420039729443,0.2044867249995534,0.0552133451128611,1.2867299962877764e-05,0.1123031338518869,0.010689832108179,17.86916594504172,18.141170758773303,17.808723493179677,0.0123274298014632
ZTF19abdjwtv,0.085,58675.90477763794,0.0003903149871667,-1.3422371920290008,0.1588519980213286,0.2360240947782586,1.5470322098701006e-05,0.3235212690382281,0.0332039594992692,19.04919058476201,19.39911858622925,19.03410248489099,0.0430336762719687
ZTF19abdlqbu,0.1272296,58676.34643508667,0.0003861314543324,-0.2029046487624198,-0.1252059901675355,0.1605879873859521,7.307891344101167e-06,0.2426111397174783,0.020441942622891,19.187641913557275,20.05081321166741,19.467108447181253,0.0205485518563785
ZTF19abeytzv,0.06566659,58687.28301831615,0.0008484493115677,0.3916181028866107,0.1395256965768542,0.0546858642228471,5.252518953066337e-06,0.0612506165074702,0.0045504605411226,18.20243567114313,18.617533756229317,18.2212614889214,0.0067214975789004
ZTF19abfaqqo,0.10286414,58685.33813689384,0.0005006821112601,1.88658743906706,0.0439618480886157,0.3636758065476897,8.902489174762651e-06,0.4605485500980418,0.0264561272725223,18.80634154527593,19.414457239108632,18.93570310882534,0.0193051730671572
ZTF19abfwtkw,0.11,58689.48551356744,0.0004427304998916,0.8837307677042134,0.0133851993760141,0.0657359830402128,2.638029634575373e-06,0.0753457042726205,0.0061033822840509,18.965510810349567,19.607361419279997,19.11423977083603,0.0064694081030875
ZTF19abgmjtu,0.07306283,58678.8268777136,0.0005930456150785,0.0450345597450072,0.2591740664351424,1.4551915228366852e-10,1.3547713612512324e-05,0.1186266288422823,0.0162289345165705,18.53445336389528,18.738100538854106,18.43187429902859,0.0248028866360509
ZTF19abhzdjp,0.0969781,58699.177645822114,0.0004432721646373,-0.1129551958995634,0.0323514523194523,0.1182359889462532,5.069395994559969e-06,0.1361747711125196,0.0116217184056901,18.96336134204055,19.554128988210618,19.08469022690185,0.0124168111752566
ZTF19abimkwn,0.059,58701.82803332829,0.0015783326971495,0.5750672990365839,0.0256543337605497,0.0216004309331765,4.6662275194113775e-06,0.0213546234464669,0.0025139043627222,17.58223028215459,18.19715638711716,17.71594192934017,0.0032099012879941
ZTF19abjarhj,0.108,58703.87845897613,0.0004895965814457,0.8039259681895632,-0.0373587867437928,0.1287987851792422,8.683099330959775e-06,0.1734655867111214,0.0164540144642933,18.881083495252927,19.60946535287765,19.079783516063884,0.019255762132357
ZTF19abjblwu,0.133,58698.13242015668,0.0002926376715805,0.6671081953781485,0.0568972827358291,0.4039563999176607,1.4334885804001406e-05,0.487300625859237,0.0486217549423512,19.396080443887044,19.958671069195105,19.4994755270579,0.0531848972977977
ZTF19abjswdz,0.08451988,58707.73217557624,0.0004596641638522,0.3328696931877917,0.1675821358290905,0.5695446893296321,1.425949083657687e-05,0.3633889747666545,0.0209686213736932,18.854539578098603,19.22034675748092,18.84504417070773,0.0336812105014663
ZTF19abkeuto,0.13357135,58712.175134969526,0.0003298592271075,2.91300816423953,0.1082012348959154,0.1499553949215624,5.474823268460202e-06,0.2338992127778087,0.0129986338727114,19.20801579030366,19.728412298722358,19.29438072385661,0.0180204564515084
ZTF19abkrbj,0.06250991,59009.81610229174,0.001303794451306,-1.6252090450051162,-0.0773173154385597,0.106097681200481,3.215426178510836e-05,0.1072019896984046,0.0198105318779855,17.854224533066553,18.60772607867104,18.075340565492397,0.0267764954225651
ZTF19abmylxw,0.04804177,58714.75833418658,0.0024340771510582,-0.656187093057552,0.0480246533957117,0.0113962086252286,4.415791457355046e-06,0.0139779993439927,0.0016178109813797,17.110730497988918,17.66440097947924,17.21210142895553,0.0019696929720685
ZTF19abnagzk,0.08736597,58712.44236831363,0.0004275565263062,-0.0115509545435793,0.2221607993795678,0.1098226639915083,5.146277987230843e-06,0.1019590861806448,0.0104491356729093,18.90879072522564,19.17468433931805,18.842190750281105,0.0130684482324653
ZTF19abnimpq,0.06995206,58714.843644896704,0.0011361417118578,0.6703589034168737,0.027632980233068,0.0359105900861322,5.525428258396139e-06,0.0499871999159773,0.0040861367748302,17.937373977291166,18.55062403048528,18.069952359642315,0.0052802898127244
ZTF19abotfag,0.10283216,58714.5132783858,0.0003742656520546,-0.5263558460177817,0.0595170105938405,0.2394159776922606,9.68375141439853e-06,0.2722594861574072,0.028521078897275,19.137152088740244,19.67334336644757,19.22800759069194,0.0280923441699
ZTF19abpzuzd,0.06297574,58726.999687482734,0.0013848021745794,0.305213762972321,-0.0221566080033624,0.0259515259458567,2.204616554121912e-06,0.028286350505969,0.0024651764021459,17.749218639126422,18.4421054891633,17.928517167371773,0.0017285010482787
ZTF19abqjypm,0.08001841,58725.47946924736,0.0006968702259352,-0.5735214631351357,0.0339531336497268,0.1741000206056924,7.863437818124048e-06,0.2022450264922924,0.0191394988307116,18.47481406452884,19.05436148257196,18.590951340466773,0.012251375959625
ZTF19absfopz,0.065,58736.34046588752,0.0008876742081085,1.2612555171373716,0.1666968986122705,0.039329845469183,3.908864700223091e-06,0.0576713201525841,0.0047069255104776,18.131690244532408,18.516419998141664,18.132488406582265,0.0047810287668221
ZTF19abuejud,0.02598331,58739.435668679456,0.0091363837351567,-0.2679012269888165,-0.1001069885812441,0.0164392352489812,2.1918005546126827e-05,0.0256372401892237,0.0023114560615895,15.741471036021547,16.55963136340678,15.995050521349942,0.002604659879373
ZTF19abulzlj,0.11669787,58740.69042143839,0.0004420738449297,1.1586147140824856,0.0154419379697625,0.0884198619714879,3.10464386126226e-06,0.116107218038962,0.0066210578630069,18.963525406052906,19.60692429107794,19.112838882140665,0.0076250252796293
ZTF19abvgnxg,0.10352395,58739.695579635074,0.0004983369598742,0.7924972227108494,-0.0220294965009546,0.1489108470268547,1.124747509632344e-05,0.1908648494733761,0.0182543115527435,18.85472898727152,19.556286776483724,19.037989713611548,0.0245050877367701
ZTF19abvgwvp,0.13,58741.30769914128,0.0004342599294999,0.9381969108391928,-0.0848278001104659,0.1106719206873094,6.725979273459279e-06,0.1676707734899618,0.0129039560567866,19.032358581464983,19.84576572773747,19.279819670470165,0.0168162860848252
ZTF19abwscog,0.05925,58738.08799375504,0.0009731458087113,-0.4029848983799375,0.1934773936859716,0.1637619598477613,1.7310183079563993e-05,0.1886224279673218,0.0205215935193998,18.033225329066205,18.34104513956379,17.99154094665769,0.0193129254755385
ZTF19abxfunp,0.04114057,58745.54218224987,0.0021444491209782,-1.051218989202935,0.0993847772003054,0.0287381609341537,2.0446266346082007e-05,0.0415387504480839,0.0074504207272974,17.22637991340575,17.68407277482913,17.273149048938027,0.0103519600474095
ZTF19abxvjzn,0.05,58720.00253213704,0.0015436539609134,-1.4085732554777273,0.1819439890314526,0.0007924134515633,7.631817011064804e-05,0.1886743854437166,0.035718226020474,17.545447804861407,17.85448167284747,17.50674850280097,0.0536787404872692
ZTF19abxvtxk,0.07439462,58737.79131793518,0.0008458755372533,0.1202727932823184,0.1304641481194378,3.366585588082671e-08,7.240848677033668e-06,0.0950280716611126,0.0097912889488894,18.21242545599541,18.63812506478336,18.237823044433902,0.0092940996820387
ZTF19abyhxzp,0.08009192,58752.24635087335,0.0006631398193825,1.0134337676565104,0.1873226493394658,0.0001581479918968,5.011002577506064e-06,0.0985782136107366,0.006125699591881,18.44057278124787,18.78521818680912,18.41836318982424,0.0082043435811169
ZTF19abymfqp,0.06839638,58725.85066951019,0.0005878526553433,-1.090025919485837,0.2322202364132086,0.2601956058242649,6.414254104680511e-06,0.2674272111844661,0.0349397636013166,18.56632290141324,18.7950967901374,18.480261205574628,0.0118468256367794
ZTF19abymhad,0.1098,58749.06393930948,0.0004235333097543,0.7496744691929592,0.0097172551154028,0.3110668658846407,1.1556774070540428e-05,0.345780417221876,0.0258352916089346,19.01660610114189,19.662333711665823,19.16776801855628,0.0296260240448931
ZTF19abzmpku,0.05041981,58758.88842420355,0.0023991398774649,1.4453633370540089,-0.022993649124438,0.0933050301355251,2.6425681890676247e-05,0.1231980422566514,0.0106697873051745,17.142552422377996,17.857931678673747,17.333020448073647,0.0119590024048304
ZTF19abzmpvb,0.0758036,58755.66868385759,0.0008368615360251,0.2466929212665705,0.0176902396822293,0.2607743730186485,2.386879084894808e-05,0.3368835445032475,0.028074999918414,18.2776069124255,18.90032562029627,18.41650648770282,0.0309671424398275
ZTF19abzsjpn,0.06394399,58758.33003149885,0.0013110484175982,-0.7626394484807887,-0.0162858662728669,0.1055247922049602,1.3967520593230817e-05,0.1322805393349621,0.0099388195271744,17.81382641520284,18.477002004325048,17.97912574990437,0.0115671111724132
ZTF19abzvvkb,0.09316006,58759.95910639246,0.0005614382938066,0.6069406247611201,-0.0024661122496965,0.1383162823294697,1.063281503733243e-05,0.1686633019282993,0.0152068817157148,18.717615869772118,19.381838939498703,18.879694822904195,0.020562245881476
ZTF19abzvyew,0.09,58754.54673564772,0.0006565309609915,-1.128143334897898,-0.0518048843480254,0.1729738682442985,2.822940839184846e-05,0.3025202822158426,0.0329985652628465,18.58391775280407,19.302149591573222,18.782531123467106,0.0466843036368654
ZTF19abzyiba,0.08757706,58756.40869628113,0.00052463604958,-0.4069330132411788,0.052872452206093,0.3703171129345719,2.147938669666797e-05,0.3676308859540125,0.0340090313677472,18.77276508375892,19.32264281138086,18.871218220503756,0.044451668563839
ZTF19acaqyjp,0.0445557,58765.4247985922,0.0029072832749126,0.2828476287365535,0.0130618031371629,0.0878856960080156,4.472102630351795e-05,0.181116304620591,0.0118260941423977,16.927440088318455,17.55883624405886,17.071267732104925,0.0167012405673227
ZTF19acbjqcf,0.15,58763.19517892316,0.0002293148281784,0.840522333297969,-0.0403599577027952,0.211809935648489,4.1272388119653765e-06,0.2251231251343594,0.0181642385787853,19.70568764659045,20.43995488203153,19.90771464770181,0.0195412247844112
ZTF19acblpaq,0.16418339,58763.445492375184,0.0001791765481132,-0.2013427930840906,-0.0262200891757256,0.2732908779362333,3.2787578013611503e-06,0.3162612102015607,0.0210204713172909,19.97528496208242,20.666011139648823,20.15475010201946,0.0198679240618089
ZTF19acbmjrp,0.085,58770.166478380925,0.0005091144653138,1.3289461590966078,0.2004271542157788,0.1887394069381116,1.4049602648825144e-05,0.2122628867147223,0.0242195881220731,18.71769325174397,19.045931218643183,18.686147762790743,0.029962146624321
ZTF19acbrola,0.11,58763.9079953808,0.0004866373202262,0.6176724614035606,-0.0710553522984409,0.3358627122142934,1.8423257547387256e-05,0.4197142174898855,0.0336977539192409,18.905086523152303,19.688661590227422,19.136006877083133,0.0411041177842327
ZTF19acbvrdu,0.14241687,58762.85616287483,0.000290479019704,1.0544914084787067,-0.0328454327496515,0.6099077780490916,7.57043476454289e-06,0.6104940457309532,0.0352814109131357,19.44346406502993,20.168627792740253,19.63991910756388,0.0282963469031231
ZTF19acchjle,0.07042343,58773.29312867791,0.0012332950222888,0.7521834776357742,-0.0454779467707006,0.0760263916126859,1.5628421375504215e-05,0.1204478046065431,0.0105929932392069,17.882292523626283,18.623832504918287,18.08867487196921,0.013758543255214
ZTF19aceeexa,0.04277429,58779.01816405489,0.0019526836708013,0.077175302387289,0.1671355635455666,0.0719760253377899,7.860397180234604e-05,0.0631374010649903,0.0313536921154881,17.286389655189215,17.648257850459423,17.2750247006961,0.0437055828856134
ZTF19acelcan,0.04387942,58783.99512324575,0.0034368361083623,0.8999981848659687,0.0074533913385912,0.072568126306578,1.955713471317108e-05,0.1089138137378246,0.0061072969883043,16.743145969309516,17.395571287339582,16.897940808748327,0.0061783246421778
ZTF19acgbzam,0.075,58790.29436152174,0.0008322977318058,1.81297236158115,0.1414181118639375,0.0803494263418542,3.910038297081215e-06,0.1007453159763055,0.0042034592905098,18.20765601079604,18.64666002328384,18.2401352308163,0.0051006628744748
ZTF19acgogcm,0.04133348,58791.06366759892,0.0024627403695439,-1.770549628680004,0.1217268751577685,0.1335312093615357,4.819013208204125e-05,0.1484004979974489,0.0328004149019815,17.070358450679823,17.476184011719614,17.089032175941036,0.0212453459408868
ZTF19acgonwy,0.073,58784.34244882791,0.0009284379033374,0.2909568656118344,0.0598901263168374,0.4065096459198685,5.5296856831629215e-05,0.8995225809420166,0.0427158849530131,18.14425889340884,18.69477971915824,18.241369640050596,0.064665390389181
ZTF19acihlf,0.0226406,58797.75856776531,0.0127276963950366,-1.592656788578244,-0.0512088063346892,0.0587854090990731,6.559845726414558e-05,0.0632788736066487,0.0059442848292609,15.368060827359283,16.076680701128062,15.562827128403852,0.0055958767256371
ZTF19acjjwsy,0.09197557,58793.86508237767,0.0003327412197126,0.6037726578938901,0.28793363462118,0.1893581708900455,4.852454300965495e-06,0.2320961722076707,0.0142744477130775,19.1424595169585,19.307402147396107,19.01713971320453,0.0158335817877991
ZTF19acjwcy,0.13103964,58792.73594911586,0.0002807510619645,0.2234020653666739,-0.0181996066209162,0.3987763801487745,8.334837586564768e-06,0.498529904035213,0.0288425144380528,19.48066336297401,20.165193003847858,19.655339399969517,0.0322329499492883
ZTF19ackjvjr,0.07399405,58795.02975344389,0.0006752788526998,-0.5737714396562721,0.1357323485249352,0.3130752677971031,2.505756654678858e-05,0.3274781902042333,0.0419505543027809,18.459758311097044,18.86362141153636,18.474048705620916,0.0402884039596537
ZTF19acmdpyr,0.0532338,58803.08975372618,0.001441307993075,0.5330921718373384,0.1136721874972569,0.5010632938829076,4.313416281691678e-05,0.62130067525161,0.0635599034186532,17.63858570976091,18.100780297257806,17.68434274700023,0.0324929317378871
ZTF19acmywjc,0.05697108,58818.65818196848,0.0007608396296758,-2.30061357611981,0.1920693274909818,0.0002241331858385,2.635789479330786e-05,0.1079238395532824,0.0188860925639931,18.314890122030643,18.58980169458,18.25870212188568,0.0376133412904539
ZTF19acokufi,0.08267661,58805.445826988274,0.0007581218839069,0.1971685496903626,-0.0386577108612159,0.1217508475892827,2.241388424198612e-05,0.1104568503793274,0.0239513295064975,18.41196646706425,19.131555007193533,18.606982519197523,0.0320998062809775
ZTF19acokzjy,0.06510756,58805.53528748501,0.0009487549230708,0.1968510961191989,0.0817284062309067,0.0565409594419179,1.1488370643167736e-05,0.0486342404396063,0.0098783316450651,18.110957516806923,18.62204668319007,18.185498421408607,0.0131470621523581
ZTF19acolhnl,0.08041445,58797.29130364683,0.0006631509398599,1.0903922246915092,0.1509060058048485,0.3894399260279897,6.312182460248548e-05,0.4061318624415374,0.0827944418587762,18.457897903286444,18.86647567663551,18.472371895394797,0.1033454771183545
ZTF19acqdato,0.14101321,58804.175840887096,0.0002905385262314,0.0392058354285645,-0.0121130342934575,0.3266994415098452,9.64905242317102e-06,0.3861312205539077,0.0497431265284116,19.44201067602204,20.11262450353668,19.609130092760783,0.0360583007470083
ZTF19acrwzqs,0.09932992,58805.1396801087,0.0004877650022195,0.0945325426202111,0.0013214477383461,0.2337674612426781,9.27497732760446e-06,0.3549178380506876,0.0408404188793915,18.872701137544624,19.52101648141297,19.026773577483603,0.0206455539800263
ZTF19acsaoxd,0.14884393,58808.01631344873,0.0001973337864497,1.6016067644609218,0.0640259341895914,0.5666554953386367,9.00993131015579e-06,0.8273488612076498,0.05219617232384,19.811078376172727,20.37899624628644,19.917000154478263,0.0495729028556922
ZTF19acsfpmi,0.07802178,58809.37433131353,0.0008793444371693,1.145128918016014,0.0213827817980898,0.5915895891557739,2.450100926603134e-05,0.8983076721734873,0.0468325720108354,18.214148262932245,18.847015023617736,18.357419660312097,0.0302516644090863
ZTF19acspfcb,0.071399,58823.7749292938,0.0005067534164909,-1.638031534431764,0.2237732402391984,0.0007037649629637,2.6990508284225308e-05,0.2601277574248631,0.0400894986802189,18.73570319629665,18.968751190399363,18.653365505510685,0.0578280699751895
ZTF19actldas,0.04380129,58819.10635521957,0.0019499276567848,-0.4597118558009452,0.1283929766784572,0.0335511928460618,1.5435107458255277e-05,0.049649732418376,0.0065732470989682,17.311157535105107,17.729760223327183,17.333708099906016,0.0085943983272653
ZTF19acudiph,0.0627185,58823.2831055551,0.0010559248834524,0.3937277480007644,0.1018683001455485,0.2558765017638507,3.6739705600049385e-05,0.207907627486318,0.0239469696606135,17.983350037889572,18.46331553612704,18.03956487080384,0.0377769566256519
ZTF19acxgxcu,0.03856624,58822.1801817265,0.0030835312343208,1.0581047389322489,0.1865390957618053,4.430146509548649e-05,0.0001004557212225,0.1295218875409217,0.0230826264338981,16.771907834190518,17.118743274208057,16.750951126394906,0.0353712692423569
ZTF19acxmmys,0.06192921,58824.761215530685,0.001077979630049,-0.5816265088736883,0.0827996986025005,0.4366562932664237,3.9760744934895696e-05,0.1728000187225031,0.0228086832365664,17.97775958559776,18.472711279919928,18.04485980384149,0.0400468423526738
ZTF19acyfakk,0.05082632,58841.86825188623,0.0028421987845725,0.2200181591257856,-0.0628437184849799,0.0249647572636604,1.0843948010913702e-05,0.0309250597896276,0.0033471545209791,16.988331685828474,17.75040169749408,17.2078544977685,0.0041424502120933
ZTF19acykjad,0.07139028,58836.432655906974,0.0005625751382912,-0.5485816415272222,0.1896225906050898,0.2524072681189864,2.4437969247560023e-05,0.4226075013327099,0.0331921074972708,18.63124507150728,18.94298344931663,18.592129887041686,0.0471638118659711
ZTF19aczjyre,0.0313474,58824.81028544735,0.0031109742828922,1.3210560143242465,0.2677021800782972,0.0001140051645052,0.0001215059174446,0.2519605115101611,0.0203548123102369,16.71853691977432,16.931681506296734,16.621080528153843,0.0424058065627608
ZTF19adajqsp,0.07469,58842.8128479323,0.0003904269125243,-1.778420186399579,0.2703428429145695,0.4252948124812974,3.6469852670619135e-05,0.5528679273053406,0.0810721712095102,18.99648888112311,19.14728106069525,18.86660324982222,0.1014188268187511
ZTF19adbmew,0.09558399,58854.31566352183,0.0005234918502117,0.5862334371388512,0.1357647515714263,0.126320971899986,7.200347094882229e-06,0.178378851710225,0.0139000983730722,18.726894851453675,19.152051828920484,18.75125286779997,0.0149337139146984
ZTF19adcbpcj,0.07397559,58853.29536960976,0.0004968388586484,-1.2600162739275615,0.1915134568090609,0.1779496681556338,7.013904856362365e-06,0.1993275806648584,0.0157820470310776,18.77047736311076,19.065848402131888,18.72346835385035,0.0153274050664981
ZTF20aaavvlv,0.08206747,58864.362293284816,0.0011288568471453,-0.0013669647876923,-0.1021594586821674,0.025212700224074,3.3568561380288456e-06,0.0285325299914997,0.0027541340125862,18.010808032309853,18.837385453272603,18.26835682641552,0.003228629256614
ZTF20aabqjh,0.07505201,58865.96166351177,0.001103053684677,1.3359195069363132,-0.0303399465232955,0.0757776981590723,1.2374978656388822e-05,0.1023222114423,0.008304433139156,17.990824785315045,18.716875218123658,18.187489429288743,0.0121806966850245
ZTF20aabrydh,0.0572,58860.753633373104,0.0010624539401669,-0.4364655736085721,0.125589076260924,0.2284826922877982,2.3304357548986308e-05,0.3092221080424005,0.0211527590850916,17.971624604847367,18.395483695788467,17.99716273726345,0.0238150415401414
ZTF20aacexgb,0.05913613,58862.1077292845,0.0011298850550991,-0.8279340001527316,0.0505719849615653,0.1750689041473379,1.5444582731979204e-05,0.2403356725571154,0.0148885076286494,17.944001358199127,18.490100159377995,18.041490583751564,0.0148411049104644
ZTF20aafcnem,0.05056761,58878.18204472946,0.0013613547391094,0.5448970883152912,0.231999742642471,0.1141721797903301,1.1242199538034394e-05,0.1100032498978639,0.0092854188943305,17.641691299403984,17.90103949842994,17.57067593413167,0.0089661149360259
ZTF20aafrjqw,0.08815185,58871.90373575925,0.0007533933610975,0.8900805744136177,-0.0330087408228022,0.1116597324762551,1.0067251006521766e-05,0.1523242728512914,0.0136021189216737,18.410296429007737,19.132708987467076,18.60540998688517,0.0145081964675734
ZTF20aafvzhu,0.04909116,58875.31632408463,0.0016052079418895,-1.9312765945557475,0.1052415272910588,0.0314574410294881,4.884652408580164e-06,0.0333481387158729,0.003056958527311,17.54419085677337,17.975415256237742,17.57818197908836,0.0033038984104524
ZTF20aaghlkv,0.02755903,58882.07435938776,0.0093573083409159,0.2928846639736241,-0.0743551188786311,0.0043713791237678,7.443774579620055e-06,0.0056695734170188,0.0005661735690917,15.699390850807124,16.48282337616979,15.931063824108202,0.0008637073041413
ZTF20aaghpdc,0.07301,58878.15869788827,0.000667600313501,0.7667455032372226,0.1505551736914703,0.0835833801174885,5.046589227444669e-06,0.0846473569256079,0.0073322440056709,18.45394815627233,18.85703677574454,18.465427152578197,0.0082074027288036
ZTF20aahggbm,0.09628037,58882.07414772263,0.0005321024603738,-1.3197442016091447,-0.0806979670428912,0.0449584439593309,2.951745333339114e-06,0.0575086237404675,0.0047006821672509,18.826769701675268,19.591815577360844,19.05340582939848,0.0060229316988698
ZTF20aahirkk,0.044499,58882.90177601213,0.0023105986499031,0.6251486451926572,0.0539882679770183,0.1334279174625408,4.203322303675433e-05,0.159052292954479,0.0163970264181811,17.154366367039714,17.72121055252582,17.260277218427845,0.0197511549898942
ZTF20aahqbib,0.0555539,58882.4490911685,0.0011211040350825,-2.1450428555971497,0.0803686549661043,0.0831593354378128,1.2196571389209386e-05,0.1033316590617781,0.010599966619359,17.947369116032682,18.41749402774568,18.004787647487035,0.0118118022206627
ZTF20aahqcup,0.09980887,58878.0183034221,0.000376224882451,-0.2784356990085474,0.0696921108816163,0.1817637045242008,4.406487276522765e-06,0.1820099952100388,0.0136359330849088,19.124737823236885,19.647904127496048,19.207373701346263,0.0127165506458739
ZTF20aaichor,0.14101873,58885.86044625983,0.0002248807268346,0.0282949383594507,-0.0030417159025812,0.1363083738906425,4.7912017331077005e-06,0.2577275150767261,0.0157988939184351,19.71592794319615,20.37060383213668,19.87385604003908,0.0231321788183266
ZTF20aaifyf,0.059967,58872.75715870343,0.0008334105903945,-1.762147140440646,0.1275003373553928,0.7614592383615673,4.264103465768731e-05,0.3415885696694463,0.0412170000381876,18.24388930422629,18.63992798003057,18.25683088108209,0.055551148101294
ZTF20aaivvwa,0.0937619,58885.32983924023,0.0005546894141675,0.7187302743946962,0.0288414542987822,0.3229824714871938,1.8816838128560465e-05,0.4188388614823572,0.0317757189965486,18.714825451900435,19.326874138251995,18.846633139024,0.0368316428859758
ZTF20aalkfui,0.02308246,58895.29914321116,0.0086036521184066,-0.6558220834037025,0.094368071112046,0.0285406697439611,5.424226697522866e-05,0.0352309510132502,0.0050298721839114,15.71752514431253,16.191142462161093,15.772457779469622,0.0068450923250565
ZTF20aamdyal,0.09805915,58898.63997839569,0.000512765019293,1.1084646672066236,0.0186318532359,0.0987329572890303,4.1671508254394105e-06,0.1237957606835297,0.008501880294156,18.80142655986361,19.43836965740145,18.947074075967947,0.0088235865389287
ZTF20aamerev,0.09217071,58893.751476292426,0.0003738800439906,-0.739223803945683,0.1340028307231097,0.0942055254890874,2.581717091833152e-06,0.1158073168072761,0.0072095262257208,19.10371023710475,19.50748763234157,19.11836478947908,0.0074972274185247
ZTF20aammic,0.076586,58894.63864434582,0.0008192625907999,-1.071751986707662,0.0168171319613127,0.2348612968635279,1.7194131181268886e-05,0.2348870974474804,0.0222294672673409,18.31085114991753,18.91092671665405,18.44047540192581,0.0227866998231142
ZTF20aamuqwn,0.0151,58906.61163011827,0.0219785684952065,-2.24185746664061,-0.0585791494650262,0.0170907732281193,5.897752561344992e-05,0.0156862681524625,0.0033621944539612,14.782673752934484,15.49197722240171,14.980470880560912,0.0029134761365162
ZTF20aanvliy,0.08299866,58901.01814566536,0.0005386278022779,-0.23228851365828,0.082674183251668,0.2256214954832103,9.299100388843057e-06,0.4257346265027676,0.0188590581746323,18.72851234018556,19.230108778640805,18.79854632374428,0.0187446134810506
ZTF20aaqtnam,0.12701483,58916.32891385007,0.000300254826529,1.780081239818074,0.0417082984411381,0.2584782575540885,8.731757274304336e-06,0.2441900552813802,0.0250222113570682,19.364022820990485,19.97392052070994,19.49419341587752,0.0315744633099303
ZTF20aaqvzko,0.0481955,58918.80187816952,0.0026344151080674,-0.8028556414303766,0.0034882835789409,0.0556186548419646,2.2602353488983817e-05,0.0498472410794626,0.0065909925317183,17.047114599211824,17.67522643647495,17.192173212258396,0.0093152341180327
ZTF20aarcpql,0.04743345,58918.54843987791,0.0024519724692357,-1.014123827089443,-0.0744130863696549,0.0895870459316938,3.9932298411378144e-05,0.0740591186324354,0.0138007814681481,17.16298184609848,17.922678976978247,17.38532709416747,0.0176820672615267
ZTF20aasitrr,0.0212,58925.12815143291,0.0084640811594754,-1.8706056629902128,0.0674979068511747,0.0248840714557445,0.0001324880917413,0.0402199593121396,0.0090196178386831,15.756830551004091,16.25435548100925,15.829332482232129,0.0169950069230865
ZTF20aattqbi,0.05847546,58942.46327001314,0.0012310956915197,0.1212069004708942,0.0647648452674508,0.0877428003877867,1.3387424760946574e-05,0.1016161135841141,0.0104994350151774,17.836922120156416,18.375916981777443,17.92774175601586,0.0118067278210451
ZTF20aattsxa,0.03076,58940.909149150335,0.0034516209675891,-0.3932819421399565,0.1808861367794917,1.4333636499941351e-09,9.871816737611837e-06,0.0113764489258818,0.0016055417405988,16.66478913559206,16.99438940759206,16.63568277786124,0.0031052624084181
ZTF20aatvsjw,0.05098,58942.60407377875,0.0019480883238409,0.950125964476524,0.0163011135343294,0.100343843565497,2.0352379435237425e-05,0.1117846578762125,0.007749111761334,17.35482518299632,17.99285920255944,17.50127198597941,0.0113430766641238
ZTF20aauomaf,0.08520994,58955.03473592261,0.0006607243293482,0.6409970152297941,0.0853069341581739,0.0002247130469186,9.01921755492624e-06,0.1565874188766584,0.0100550922034198,18.49832018569337,19.011389798039136,18.5732293384942,0.0148208422227047
ZTF20aaupolv,0.0470389,58959.88859434355,0.0025560207476698,2.457533977210705,0.0474281450472532,1.2369127944111824e-10,5.982041347994647e-06,0.0215207000504778,0.0018722206783054,17.025095263125227,17.639291452717245,17.160626885729357,0.0025410274450232
ZTF20aautilk,0.0300337,58960.19928741676,0.0035408056130512,-1.115737335529306,0.1620867985309863,0.1379679731689975,5.171632043153752e-05,0.1537719210372347,0.0237515322416945,16.651751387069936,17.00031209770869,16.63528845296448,0.015858052546693
ZTF20aavfwdo,0.06779094,58971.61687498723,0.0010151828151593,0.8235996973240205,0.0945351478180467,0.0257847197499359,3.421298553557488e-06,0.0376789034122545,0.0027795883560059,18.025863051908065,18.52640744910951,18.09334308096276,0.0036590726826882
ZTF20aavnna,0.03886311,58974.18020079893,0.0026227734586232,-2.3970700174772643,0.0748807084770055,0.0051211936697654,2.7548639266359327e-06,0.0072843466741889,0.000960505880747,17.028932949136735,17.50377126153844,17.08997605022779,0.0011404170247707
ZTF20aavtdxj,0.08559895,58972.5259668104,0.0005978769014031,0.0826165017728821,0.0231069796726996,0.081269002508634,4.943188258552573e-06,0.1021834701370348,0.0087981530880407,18.64142000678856,19.251764875363484,18.773567187442485,0.0089767616822955
ZTF20aawmlfq,0.03155398,58978.04993405837,0.0039037875770458,-0.9397122315796012,0.0821115968792272,0.0231391968882235,1.457819838057852e-05,0.0240531189184368,0.0029341179771381,16.583508339922794,17.073056977191182,16.648472208658166,0.004054543816628
ZTF20aaxagnm,0.04401,58982.70095185758,0.0014157400434055,-1.2050562767262143,0.2410464553150018,0.4965983757720096,0.0001043396310303,0.5034916517624306,0.0530280812305147,17.60845610746179,17.820002449310156,17.512638870954138,0.0800184437308635
ZTF20aayngca,0.05667625,58985.782150767765,0.001521961979089,-0.7929942452386605,-0.0004872794507217,0.608269610289426,3.354246375391113e-05,0.6945324429883551,0.0163177531528935,17.64462584176262,18.279816839398755,17.79376530682272,0.0239285000511028
ZTF20aazooyu,0.115,58996.07000274456,0.0005542865831392,1.4447505706470951,-0.0635012643188745,0.0552308947590063,1.702047053997632e-06,0.0557805253108429,0.0038030152214169,18.752522894188772,19.538208286589857,18.983366050287763,0.0033339686814374
ZTF20aazqiel,0.12601132,58998.49649251784,0.000278765834686,0.1890957673481164,0.0032665694443079,0.1501237272641447,4.67351266383789e-06,0.1518759779653399,0.0153655666327203,19.47846599382554,20.12513101021377,19.631342364368827,0.0182023808916123
ZTF20aazxvo,0.06212,58994.12312725878,0.0007021004352249,-1.3622260246044016,0.1902825101859565,0.1308282723803131,1.1129241766100686e-05,0.1909507774226622,0.016534224418628,18.39636582324863,18.69195229997475,18.349731344184644,0.017210387731906
ZTF20aazymxi,0.03725796,59003.21398518677,0.0036843882114509,0.8355720226401873,0.0267366006059072,0.0122712789161596,5.682534467040332e-06,0.0131086244745486,0.0010899025507666,16.658994982542183,17.276842791793456,16.79397033087234,0.0016745611622782
ZTF20abahpah,0.07121952,58993.024679809256,0.0007836754437136,-1.3259249759587777,0.0174727228867449,0.2597263550887874,1.902560747164356e-05,0.5421077906479335,0.0257180520771995,18.36052958011354,18.954785581856548,18.48761133551165,0.0263588594170975
ZTF20abasqf,0.09445423,59002.69580521391,0.000677367503131,0.6538159429475311,-0.031182157829214,0.0834061162568104,5.714337961419379e-06,0.1138881877513811,0.0077332575268,18.52701260023648,19.24191933104852,18.718230843771224,0.009159375940325
ZTF20abawntz,0.07775197,59000.18017686156,0.0004759982014943,-1.5808925532430895,0.1483843122311182,0.1858830924684298,1.71700484325731e-05,0.3603135267710701,0.0286738540305444,18.84054919970419,19.204034341831758,18.83399769947296,0.0391643144074263
ZTF20abbhyxu,0.0319161,59008.517649072375,0.0036266401044009,-0.7690879605171164,0.1350179663685681,0.0144574438818381,9.74779275374086e-06,0.0183270057101721,0.0022705430904361,16.636502903325404,17.037986218148387,16.649899871643953,0.0029182745473895
ZTF20abbihor,0.04,59011.49321697677,0.0040703337206022,0.9527643753841464,-0.0157499728374684,0.0260581150796497,1.7505611772862298e-05,0.0386199558300402,0.0033177466072207,16.570025831404447,17.263645993929178,16.748463838874557,0.0046695130652394
ZTF20abcbxpj,0.085,59008.32523835873,0.0005559016688759,-2.1917660173377485,-0.0259100961332253,0.0555677956836007,4.300916576741321e-06,0.0708796412235528,0.0079352565360784,18.759657654560023,19.41305589968372,18.924493993325296,0.0084001561831154
ZTF20abcxnfl,0.07885149,59002.55247677359,0.0004722774486451,-0.5973211198494048,0.1868999062733822,,1.2584994508312296e-05,0.2160568484752676,0.0258143587335257,18.8229231808282,19.13843001908958,18.78609486360121,0.0289321122860215
ZTF20abdzief,0.057022,59009.41285198762,0.0009366925840001,-1.84820774056146,0.1745982564113411,0.2282890065143874,2.2620108324244943e-05,0.205037460448361,0.0284945803135694,18.094578313201787,18.408009976517903,18.05960523217921,0.026219349851476
ZTF20abdzrxo,0.03027675,59017.92247882297,0.0044698446247142,-0.1654232820037514,0.0997110147278446,0.0179322199401212,1.04314831437764e-05,0.0216637435415645,0.002149133963609,16.422226543552902,16.895658748699756,16.475806138837566,0.0025338327994445
ZTF20abeeyre,0.05336242,59024.76619748958,0.0019887511031282,1.2068655530506065,-0.0085409963224819,0.0392694065812975,1.0080508790847224e-05,0.0457893514098417,0.0042185364095476,17.34179608151748,18.027631492216248,17.515459009726598,0.0055033399299639
ZTF20abehvas,0.0785764,59019.515914655545,0.0003797322053121,-1.6939760382528,0.2455146257904715,0.0002863689769583,1.9032778705926093e-05,0.1088816197718472,0.0410269264312943,19.038526106214345,19.23332586907345,18.93406162415912,0.0544188157577738
ZTF20abexyxk,0.04991701,59014.00515752419,0.0021796297854831,0.3336999930615299,-0.0146844742718819,2.6851910661207512e-05,3.662182252428451e-05,0.0438168367513481,0.0138867134370508,17.25297048521117,17.933405218519272,17.42500471074366,0.018242381740085
ZTF20abgbfyk,0.0901,59021.82921502839,0.0006979820422429,0.9496022696207848,-0.0315205754429163,7.494236342608929e-09,4.028918235465223e-05,0.3069255061286569,0.0364224641959163,18.49199105066697,19.21291824050648,18.68615651362641,0.0626712741806056
ZTF20abirxmf,0.10240134,59039.556527872766,0.0003504047480498,0.2155080121864047,0.1302356573609551,0.2860736962138617,1.1156019402838133e-05,0.3505300148164196,0.0268010518883911,19.16860613411744,19.59644731883986,19.19506610098506,0.0345671519408823
ZTF20abisrhp,0.10541852,59040.40653233528,0.0004579674939215,0.6998307759778631,-0.0153254923114946,0.1482023787102662,5.391168598764307e-06,0.1584495869563963,0.0117255920825564,18.944088906557983,19.632314279940168,19.11983133508409,0.0127812279502868
ZTF20abixkpg,0.08812029,59042.47288031584,0.0007744642170755,0.3307956470407652,-0.0495758380532889,0.1300500007455411,6.989025294753556e-06,0.109399761988579,0.0097403280002016,18.39288463951968,19.133880244189463,18.59992019390114,0.0097980482909055
ZTF20abjbiqf,0.0518258,59045.28818924361,0.0009576243478636,0.1522194740650812,0.2896608680877588,0.0456605789149762,4.291871094302432e-06,0.0516863910826649,0.003716779934221,17.997815993676,18.15141737455139,17.866277131563987,0.0048660415157931
ZTF20abjkxwa,0.05058224,59033.97918027272,0.0011230700763908,0.6324554409810176,0.2696651197987127,2.5267218006774783e-06,9.001150039212195e-06,0.040198175743066,0.0055213433024379,17.830748890191742,18.027386871386305,17.72363181014482,0.0087019275889169
ZTF20abjwvdh,0.04716701,59053.73866693091,0.0022103684972279,-0.0646544577336444,0.0757863970373501,0.0218531851933221,7.143279327479438e-06,0.0303531266113414,0.0032342895233264,17.197620313543446,17.71417951987382,17.275901698033312,0.0035087891436524
ZTF20abkhibz,0.0621384,59027.2807638208,0.0006822628667831,-0.0668884157916477,0.2948452080873391,1.4029364130838076,0.0001369104623215,0.9484661452789788,0.1272262598734919,18.36509024314877,18.505801606030325,18.22636089443252,0.2178759140939189
ZTF20abkhjdq,0.03887738,59026.93250385517,0.0019394113357039,-1.9017056466512663,0.2859133803636505,0.762666778460698,0.0001933991935766,0.5407434943964512,0.0691094206910492,17.2491825077088,17.371084643414168,17.102749732071622,0.1082702274507313
ZTF20abmbycd,0.06270944,59058.777822201,0.0006232999927782,-1.4657458853940395,0.2475840075382901,0.053456892594113,5.731601114695527e-06,0.0642177765747554,0.0081021240246278,18.49779114193822,18.69331523539384,18.393231167687706,0.0099839674531671
ZTF20abmspyz,0.04452,59048.57903561112,0.0021085094136977,-1.9083218675743427,0.0014606851527179,0.1633775723312283,1.6196517208893175e-05,0.3111002096350477,0.0082493509493833,17.297477433449206,17.908663441610052,17.436518147317802,0.0083400837627013
ZTF20abmxovj,0.08704853,59060.56147390881,0.0004856249083936,-0.4829044881262095,0.0811801784417727,0.0503445992144406,3.425635792488435e-06,0.0787560849167802,0.0062933207971425,18.843585658699304,19.343154102033587,18.913094217346465,0.007658867450853
ZTF20abndzyc,0.06581764,59063.251700716944,0.0008737241583663,-0.4225930835445797,0.081663299479463,0.0454886627012456,6.042309296125196e-06,0.0590777663594166,0.0058309693901274,18.205219072644333,18.7050646010498,18.274727873808622,0.0075084955593035
ZTF20abnwldu,0.12807201,59067.60121355453,0.0003420190077301,0.9410403055575414,-0.0633767714558236,0.0598305394196359,2.834614605920317e-06,0.1002471737809632,0.0062630912669471,19.28155298830571,20.0576782236108,19.50752594946412,0.0089984580816402
ZTF20aboquuv,0.04622164,59071.16757478134,0.0020401668267896,0.5926147658094193,0.0744840366924822,0.0161083484963455,4.77979783222447e-06,0.0210179784983429,0.0019310742805697,17.279885236786296,17.810736053367215,17.36510798868857,0.0025437133325202
ZTF20abotxgj,0.03917775,59072.32952802347,0.003868839512627,0.5192558636556027,-0.0367971500509242,0.0487833839142695,5.274157608906588e-05,0.0711545844637987,0.0103559107717421,16.638901956138522,17.36110922239517,16.834623027333993,0.0148011925718315
ZTF20abpvhij,0.05474803,59073.50892093466,0.00151914503484,-1.572874963431793,0.0413211465594977,0.2073924952528614,0.0002110015275478,0.3999852312916349,0.1075750262507219,17.63224411310777,18.180609499866204,17.73341119373851,0.1508032429188384
ZTF20abpyplw,0.06882687,59076.80381465403,0.0007898394672643,0.7457516363538466,0.1450856357439725,0.099888273896795,4.125684546723827e-06,0.0725647965243621,0.005635063896202,18.27428901780357,18.68638399022545,18.29096500898217,0.0056712854541236
ZTF20abqgzhh,0.05318275,59078.7498925129,0.0017086609197457,-0.3409498503721249,0.0095593615649602,0.0567254549059725,6.704564109834675e-06,0.0510557146117205,0.0043302623571614,17.510963978596507,18.1370456701722,17.653388312579064,0.0042602882216399
ZTF20abqiyna,0.1487313,59081.77077611684,0.0003184780565035,2.0654775607743314,0.0059560143094205,0.1461525802624237,3.331325653186815e-06,0.1754470638117815,0.0080057893169517,19.313360495323952,19.990672621050035,19.482820896862872,0.0113569547340655
ZTF20abqkmlp,0.08333884,59074.04330538751,0.000682837231728,2.3897883628014074,0.1373081357462106,0.7960880676546367,2.6077704502624865e-05,0.8710250161816497,0.0562934175087295,18.415017216282333,18.873525537086,18.46136029772265,0.0414645051556857
ZTF20abqlawg,0.07106474,59077.8252681379,0.000550104498281,-0.6746386774732781,0.2495566222497736,0.1239689018075296,5.277449759279349e-06,0.1397392263891591,0.0123595453416121,18.62657069082622,18.83334016980278,18.526950968488684,0.0104160542048771
ZTF20abqosnh,0.09282753,59079.59144452738,0.0004713455588956,-0.4827431365203058,0.0394919202903469,0.0533923391994903,2.3068646872548754e-06,0.0674771368064872,0.0049648269743463,18.896033857484703,19.46766501017972,19.00731157932226,0.005313822233308
ZTF20abvykmy,0.05657153,59092.57950692139,0.0017056032780849,0.4981179481298556,0.0132052715057845,7.680830094614066e-05,7.265384344039946e-06,0.0465017158452507,0.0046428496500418,17.504632051317092,18.139707197917392,17.65011382684421,0.0046249271006703
ZTF20abwayjb,0.13632458,59092.84130549809,0.0001739437521749,0.4767631961976463,0.1617760133638493,0.3815474119546707,5.401451289723426e-06,0.4434001297419973,0.0245939273285512,19.91126500285004,20.2896969284582,19.90885215154388,0.0337152162705459
ZTF20abwktf,0.027411,59101.56000375794,0.0052615453061687,0.1370089983074378,0.1130769480160991,0.0291780225561524,3.7020512245267126e-05,0.0490488135464595,0.0068588889264967,16.236285219727826,16.692228019046304,16.279108829054334,0.0076392976063995
ZTF20abxbjai,0.05508536,59091.37920712563,0.0015145614257112,-0.4178389608250841,0.0949827455673108,0.2041821360435278,0.0001539682063872,0.8819703170497672,0.0790484930957433,17.601450162108037,18.078398975142417,17.657684522789335,0.1103744313161826
ZTF20abxgxjd,0.07624693,59101.01016058411,0.0006150039502724,-1.1242815907191095,0.0797147651012558,0.0541743035828403,3.741928600167757e-06,0.0637510633406905,0.0053038009954255,18.592504253140763,19.082797373963388,18.658434074263063,0.0066060508310912
ZTF20abxjefm,0.07771293,59104.32697302104,0.0006897779593443,0.5713299097225438,0.163016344723814,0.0683932711654051,4.929091149930181e-06,0.072566345479208,0.0060063254455658,18.41407078247073,18.7921226836795,18.411329876389125,0.0077585730966515
ZTF20abxmgny,0.08407919,59094.97171047328,0.000714308375633,0.3305105552233604,0.0322775207186807,0.2377591454242065,7.847708693350928e-06,0.1863307876376633,0.0110654741605479,18.44187770819392,19.04086929711926,18.56688581341861,0.0119283795954574
ZTF20abyptpc,0.01335495,59113.18864438128,0.0251242660551988,-0.9849235515726812,0.0619216741332332,0.0044393337520887,1.7133773583520995e-05,0.0037326190552671,0.0004866883034874,14.572034145662574,15.095631160823377,14.656913317298947,0.0007404299199382
ZTF20abyskia,0.07918928,59114.82376065312,0.000743513001675,0.1540073802520887,0.0129118687135339,0.0724107502537663,3.635403430377291e-06,0.0788985219260715,0.0053105255504024,18.409030984825733,19.03833874557612,18.551962166034887,0.0053087022209029
ZTF20abzcfqn,0.0677726,59116.10379035789,0.0008073042783679,-2.389405718721847,0.0085023288582646,0.0587055190844694,4.587747460299486e-06,0.0776448453241093,0.0054940292847697,18.33973576856032,18.929639060077925,18.46814925710203,0.006170019965711
ZTF20acbttn,0.09947322,59123.29780338216,0.0005690360634447,0.7967912309563323,-0.0322608846547118,0.0580791996726475,5.207773792173462e-06,0.1046024965701671,0.0072620656067319,18.71548733703032,19.43488477014709,18.90902184692348,0.0099365732957668
ZTF20aceqoer,0.11219758,59129.42374561266,0.000335427491807,-0.3110055732699949,0.0163233140214082,0.1856007456190127,7.580397645555755e-06,0.2211991608232833,0.0202900750724925,19.275170913144056,19.89007695098328,19.411030404396083,0.0245367847635408
ZTF20acexvcz,0.1,59126.55640409817,0.0004605790005282,-2.2738358666994585,0.0328676998397653,0.0757856436102883,6.782424036934356e-06,0.1345477056472596,0.0153078119604887,18.936775906301,19.48662856181018,19.041294307403756,0.0159884044311093
ZTF20acgmflv,0.11459006,59135.51109838362,0.0002695674052956,0.827245361753442,0.1295979229499293,0.1531454072428459,2.359819275403356e-06,0.1645332430593035,0.0105589131085469,19.44834266151381,19.888586897007425,19.48113863883686,0.0095046403001948
ZTF20acgremo,0.05,59137.3389907557,0.0015031977384183,-0.0889724722433077,0.1778828819675915,0.0741713862189499,8.709357991533301e-06,0.0841588315640153,0.0074448140540539,17.56643109464332,17.906792701654307,17.54294681470898,0.0062906329952017
ZTF20acgynyw,0.07940661,59138.36934114152,0.000869051968458,0.0579274068519821,-0.0039925267524244,0.0849609706565388,4.2043370785058444e-06,0.1143843595724998,0.0050670147291993,18.2484170096568,18.905281968810968,18.40753147877765,0.0052526214183023
ZTF20achsoln,0.08629396,59137.10194708822,0.0005277310576851,-1.5632828116723796,0.0649859609182838,0.1443553530189092,5.8425282672427975e-06,0.2385058867602899,0.013103782809609,18.768831022005426,19.276440149950098,18.84620207684763,0.01202022199507
ZTF20achwpvs,0.08226653,59139.57120969992,0.0004312782045096,-2.130883712523804,0.2167182280135991,0.1456173414990189,6.73686972870852e-06,0.208411581937302,0.0168467983755908,18.91781776507135,19.153685498043625,18.838369701578085,0.0169599652723349
ZTF20acisynr,0.14628963,59146.08048323074,0.0002514604498649,1.211724084511818,-0.0438634037584291,0.3527008636665414,5.082415521680491e-06,0.368274053484715,0.026960099865289,19.6037773294948,20.35098274770862,19.812719488807,0.0219444550523777
ZTF20acjdhof,0.14918118,59149.78520569974,0.0002240048853795,1.2551008576674407,-0.0148815571485713,0.1465335739303555,3.0155478682215675e-06,0.1850742509259964,0.0115868146581221,19.71514399295944,20.412870591989098,19.895598899886227,0.0146161521975827
ZTF20acjlkpe,0.07,59151.44233523167,0.0012597873614782,0.3025259557113721,-0.0945370654545689,0.1249321114373742,1.2594104991521064e-05,0.1557728520769965,0.0125244344161723,17.885824848135947,18.704602597436896,18.137913184921054,0.0108541140941236
ZTF20ackkejs,0.09170565,59155.21961002128,0.0005775336751997,0.9877684442898084,0.0457362201357212,0.2393638300200109,6.627703978403121e-06,0.2049607627131844,0.0100519792323506,18.66040433173305,19.24822727325523,18.77792363434876,0.0124597724302092
ZTF20ackpivo,0.13293649,59151.36622540609,0.0002755019216242,0.2289105847920323,-0.0290832696037062,0.2451710728928446,5.957090993015882e-06,0.2520836671366586,0.0232493077937322,19.50624814730679,20.209777168627458,19.691893292450477,0.0234765308641915
ZTF20ackpjmb,0.13348283,59154.8157181936,0.0003244225762035,0.937999888941049,-0.039688962356915,0.1724405563763866,1.0600936054468385e-05,0.2767280010445776,0.0201508774798134,19.32778844729257,20.06268571731622,19.53001715152871,0.0354778641281798
ZTF20aclczbr,0.09958103,59145.35193604147,0.0002442797560189,-0.7833879867908176,0.2365936156785596,0.45110163987556,6.316635692708845e-06,0.4985866497585599,0.0361487577332267,19.515302803195347,19.742242361692117,19.427562488319868,0.0280751879550332
ZTF20aclkyjg,0.12425965,59155.98455371917,0.0003561352075352,1.3473257306760718,-0.0359713788453287,0.1507625928134075,9.065312736533236e-06,0.2400745285798096,0.0181660571634429,19.22083153904907,19.95686811656986,19.423224788496483,0.0276370828754232
ZTF20acmafkf,0.10908728,59158.78187650824,0.0003895959127283,0.7583745040103678,0.0247003223675087,0.3103540547417651,8.118940129388064e-06,0.3195449582773551,0.0189706921235124,19.10004640057214,19.71999181104285,19.23634161165207,0.0226260773143316
ZTF20acnagjb,0.10774,59159.14526296177,0.0002845193749694,0.731906519707558,0.1922221966561387,0.3641286657293676,1.00967986812279e-05,0.405079823431353,0.0303518674407723,19.35958062903318,19.690520141773,19.32960250666558,0.0385297482167662
ZTF20acnwgtl,0.1466022,59158.95477472053,0.0002499739978644,1.4986084357969378,0.0324052588652898,0.4686112643867091,6.28691708041555e-06,0.5735697366179834,0.0227757198130746,19.570841392785944,20.191347943959308,19.706863060589804,0.027306574079045
ZTF20acnyxln,0.04340105,59165.494408183535,0.0038460473085397,0.6306759677501803,-0.1031395126729604,0.0299687583938066,1.6672794755945776e-05,0.0366896104484004,0.0037516534061052,16.675374374964225,17.51508968091549,16.938676952635593,0.0047067171692968
ZTF20acobvxk,0.07565855,59164.07661442137,0.0010927227575848,0.2584214114101312,-0.1016035010396554,0.0618719322628749,5.656788543947338e-06,0.0766230073113454,0.0045116799334439,18.04390587652676,18.874211307881197,18.302793835348467,0.0056206206763727
ZTF20acoxdas,0.1,59168.63359539641,0.0006949545173396,1.813197522401883,-0.0063264170927265,0.1727221819164697,6.054137418180808e-06,0.1665235702783392,0.0108433178761323,18.47559097528782,19.169134338227785,18.65371146429301,0.0094584552218788
ZTF20acoxtxr,0.05688765,59171.89816011748,0.0009773408284061,-1.0387916855979078,0.1377621525733239,0.0952229516769875,8.612291993542621e-06,0.1569943153917826,0.0095048061139576,18.06077355856852,18.45258056664457,18.069232935731804,0.0095674681253078
ZTF20acpbbqf,0.04453409,59160.76951479451,0.0017507329341096,-1.536929561318184,0.0816986301224166,0.1963962430163519,2.9552366338389783e-05,0.3839985310417096,0.0241243803069263,17.458597337686882,17.93782322282683,17.519340841666654,0.0183272236700011
ZTF20acpbnzr,0.09693401,59160.15185171124,0.0005486022918979,0.2087472975727986,-0.0120564166364912,2.6060727057556505,0.000152863523543,0.967629705005075,0.2480024125227985,18.75053278625265,19.42413367166139,18.918929017134328,0.3025314774449136
ZTF20acpcuw,0.05336332,59169.830128587295,0.0012596819354319,-1.1544262368367728,0.1200285263822496,0.0675534792826511,7.63577578270909e-06,0.0744454125895952,0.0067462055041267,17.79472683825427,18.214933984033085,17.819995410676036,0.0065813742227398
ZTF20acphcdv,0.08677114,59173.333489183686,0.0006990177859229,1.0455267197498157,-0.012435093409377,0.0390312153394916,2.228124486488343e-06,0.0528888600135256,0.004123737063877,18.480436741221204,19.170024906040947,18.65643149653552,0.0034607923752532
ZTF20acphdbu,0.04135794,59177.8408782514,0.0020291529000263,-0.8150612358978225,0.1245486345887448,0.0295913062764157,7.761534214648162e-06,0.0380780484700137,0.0037574470683669,17.272432235012165,17.691095722533728,17.295909464123152,0.0041529540239195
ZTF20acpilio,0.04490658,59157.082231756205,0.003170140515687,0.6613184504296543,-0.022417394085127,0.2416515616314427,8.818350170601811e-05,0.0712704397841243,0.0168818600609017,16.84717099879639,17.546997996930404,17.02967689362484,0.0302018222822602
ZTF20acpklpq,0.09,59176.22846613124,0.0004780310384177,-0.2083067295730478,0.0731417572800079,0.2183152760699158,1.2578828165446613e-05,0.3039200010968625,0.0259523242119478,18.862520859214705,19.381014969534416,18.942273005460446,0.0285698794744797
ZTF20acpknjk,0.04736289,59174.782188435296,0.0017334955757161,-0.1884399293385134,0.1039265596580217,3.788548929151148e-05,1.867922477179393e-05,0.0773558805786152,0.0084958103650055,17.44877658104665,17.914518650173274,17.497962298813782,0.0116993148962453
ZTF20acpkzxq,0.09322833,59172.874342383024,0.0003992154095206,-1.4560329944034327,0.0586334654830656,0.1367032175403437,5.233384494602793e-06,0.1761447461310497,0.0160371385248325,19.07414336937497,19.594728812126117,19.158730659400007,0.0142331054455857
ZTF20acpmgdz,0.03140072,59178.07138105224,0.0037437784281881,-0.2999727650910199,0.1253469904575196,0.0091106110994587,6.768441702456055e-06,0.0133378924427357,0.0015946108819588,16.60320844685325,17.02999848516233,16.630120957495485,0.0019629212431003
ZTF20acpwjus,0.07187431,59177.92870800234,0.0008517659292068,1.4446467145791262,0.1307193702656964,0.1126990934935747,1.0933338531646656e-05,0.1400026744503278,0.0123425182249254,18.19236942281533,18.64241392181377,18.230668537048224,0.0139366005091799
ZTF20acqelhh,0.06915148,59179.401622304096,0.000988527519868,-0.3257443323148669,0.0048456226969119,0.0725538512051571,1.927624432038468e-05,0.1300003521153541,0.0144511707581925,18.107256746446566,18.741789884585053,18.25453399804215,0.0211718095144165
ZTF20acqztpi,0.07782759,59180.68853194464,0.0008047089169942,-2.3707992119122263,-0.0801376603229892,0.30845085592955,3.858222283371435e-05,0.222132795060636,0.0233211518615537,18.38436513467969,19.128813942937207,18.60332375563496,0.0520562346283881
ZTF20acriwfa,0.04182946,59137.22536557048,0.0016486331118817,-0.2656405844928557,0.2526677842140965,0.0852625867664755,3.179462629299331e-05,0.0871583007263712,0.0149464177563569,17.430142845674133,17.639170700651807,17.331114576292038,0.0209389078954357
ZTF20actocyw,0.0381303,59173.42123605774,0.0021438829940464,0.7791266015512611,0.2741171097644191,0.2768867667837185,7.244552070196987e-05,0.1246840116576175,0.0210928420184448,17.125115416663018,17.316917505922657,17.015186083477225,0.036688907425037
ZTF20actrovz,0.08920357,59188.289249102505,0.0006012529295285,1.12441588148052,0.0261066069764131,0.1802035104919923,8.321943565998449e-06,0.2416944991672786,0.0153629667160432,18.62483724057459,19.249145373795628,18.76320696891529,0.0150276780034046
ZTF20actrwym,0.08085162,59191.78689579377,0.0009917074555043,-0.1795731836540536,-0.0951759962832914,0.142867016911623,6.28008384113675e-05,0.3465547475221923,0.0506516476186956,18.149531383288316,18.960693544481977,18.39874348032325,0.0687553003397629
ZTF20aculruc,0.077,59195.92724754824,0.0007386232680996,-0.516273508653384,0.0295656707786781,0.168891337551031,1.2681662695717311e-05,0.2446874292843825,0.0168916534036756,18.41331199586937,19.001510566090552,18.53429584676782,0.0186413574009051
ZTF20acurrzb,0.081,59195.47672729123,0.0005886796703767,0.1614793628093889,0.1016990511989805,0.1962591406518186,6.131729036617734e-06,0.1227681980081892,0.0124504067132764,18.61972450696052,19.095721930530225,18.674077466799865,0.0113091050155714
ZTF20acvdqtg,0.07910391,59201.19285550634,0.000814151204855,0.5353824924522571,0.0900203033534543,4.267349140718579e-09,8.9174618112565e-06,0.119087107374218,0.0096879217562725,18.270236795231696,18.77323142991754,18.33949697596823,0.0118921535524264
ZTF20acxnafa,0.06529187,59211.43833185533,0.0010324822932973,1.0747082303730542,0.1537930814849203,0.0522735561025911,8.52185715879567e-06,0.1015054524629822,0.0060783463433494,17.975949297624798,18.37927272080016,17.987410455086,0.0089614019621901
ZTF20acxpurh,0.07247171,59210.97119235478,0.0012780437169358,0.8575432167470146,-0.0649551023224801,0.0749895275439485,1.7816206169757956e-05,0.1491370425331391,0.0105118831259239,17.851808419164183,18.629144946048974,18.0786278143935,0.0151353978065154
ZTF20acxpvhu,0.0860106,59212.39424968168,0.0005616111051536,1.248949202877569,0.1514032279596705,0.2989834803593112,2.3353384246808926e-05,0.5210902660052447,0.0280408589204309,18.63646373354762,19.047202809848024,18.65217253078074,0.0451479939547324
ZTF20acyntiu,0.1097,59214.31565963565,0.0004015448553572,1.4129531110365878,0.0356268896803851,0.2259819283754041,1.0105039086709329e-05,0.2495237336708685,0.0205840014353978,19.055620749094643,19.66891275909428,19.187509258303663,0.0273229917917262
ZTF20acyrodl,0.04901362,59215.15766959012,0.0016219115777821,-1.2291192281926813,0.0573257697154456,0.3679019217743189,4.22492963464247e-05,0.1483606564183232,0.0168847001959261,17.55113302395541,18.0781804492406,17.63876283889494,0.0282824238369367
ZTF20acyroke,0.126,59214.13593500915,0.0003730941607757,1.3178399204655715,-0.0079374758040091,0.2063644612098869,1.0499716188839247e-05,0.2464104351704438,0.0206862037872594,19.157301259806573,19.844169694090933,19.33146967120303,0.0305550802033551
ZTF20acywbes,0.04518886,59218.08922062742,0.002532187014077,-0.6102146659495425,0.0400954586663285,0.0001425978480256,1.5103627525760971e-05,0.0629203974775141,0.0058858684860718,17.07128710328686,17.63952573845545,17.180973568006976,0.0064760442798011
ZTF20acywefl,0.05859469,59215.78673987518,0.0010108633671009,-1.2520298023295362,0.1063259602060416,0.053224930747092,7.595387856482315e-06,0.0535680788384077,0.0064290688301275,18.04100515865461,18.48302365511632,18.07923027545328,0.0081579646204937
ZTF20acyxrez,0.0917,59217.87160169365,0.0006470258645992,1.3287636440192792,0.017475152571439,0.1001522607839433,7.511153921783562e-06,0.096243694869986,0.0094273867619354,18.54727263389156,19.19034779442256,18.696284108225623,0.0126040274409157
ZTF20acyybvq,0.07617743,59219.3423310989,0.0007475952315257,1.1643186086481028,0.1047873092746951,0.2236585195823863,8.089980872540934e-06,0.1304951070416812,0.0089040953674537,18.34974000914345,18.83901646611128,18.410518412965715,0.0117491187192194
ZTF20adadmsg,0.07,59226.53304470072,0.0009481395537495,2.999574136480436,0.1629871265024759,0.1469548591812781,1.3410629978457444e-05,0.1210252140121451,0.0109974497518158,18.03178319380953,18.46081256005761,18.06736452147364,0.0153568179269028
ZTF20adaghdo,0.07633016,59218.41012974177,0.0008718224091781,0.1197877224510275,-0.0028874096432215,0.2647073056577937,2.051961822499985e-05,0.2974488357967529,0.0226420928603359,18.24395852138296,18.900033099724705,18.40245193165741,0.0255543929361699
ZTF21aaabvkj,0.08055217,59220.23905947753,0.0005572226940369,-1.5396382286118455,0.0456709748390046,0.1751295566136832,6.039540158815702e-06,0.1527588200325979,0.0113834868265021,18.71886636157136,19.260321475525046,18.815892372244075,0.0117679116100075
ZUDS20dlgrv,0.2177071,58889.06327531478,8.675132644677705e-05,-0.5189064832309601,0.069026349627034,0.3400243235264497,3.660120176929517e-06,0.702746645512929,0.0264104597453349,20.71978031892379,21.23967523013608,20.80116761123545,0.0458082331720444
